date,store_id,sku_id,stock_qty,sales_qty,delivery_qty,stock_qty_next_day
2026-04-01,store_1,sku_1,67,9,20,80
2026-04-02,store_1,sku_1,80,15,0,67
2026-04-03,store_1,sku_1,67,12,0,60
2026-04-04,store_1,sku_1,60,12,30,84
2026-04-05,store_1,sku_1,84,14,0,75
2026-04-06,store_1,sku_1,75,15,0,62
2026-04-07,store_1,sku_1,62,13,0,53
2026-04-08,store_1,sku_1,53,15,0,46
2026-04-09,store_1,sku_1,46,10,20,64
2026-04-10,store_1,sku_1,64,11,20,77
2026-04-11,store_1,sku_1,77,13,20,88
2026-04-12,store_1,sku_1,88,13,20,100
2026-04-13,store_1,sku_1,100,11,20,103
2026-04-14,store_1,sku_1,103,9,0,92
2026-04-15,store_1,sku_1,92,12,0,79
2026-04-16,store_1,sku_1,79,9,0,73
2026-04-17,store_1,sku_1,73,14,20,82
2026-04-18,store_1,sku_1,82,13,30,101
2026-04-19,store_1,sku_1,101,15,0,89
2026-04-20,store_1,sku_1,89,14,30,103
2026-04-21,store_1,sku_1,103,14,0,85
2026-04-22,store_1,sku_1,85,11,0,74
2026-04-23,store_1,sku_1,74,11,0,69
2026-04-24,store_1,sku_1,69,9,20,80
2026-04-25,store_1,sku_1,80,11,0,73
2026-04-26,store_1,sku_1,73,14,0,67
2026-04-27,store_1,sku_1,67,11,0,58
2026-04-28,store_1,sku_1,58,14,0,48
2026-04-29,store_1,sku_1,48,9,0,44
2026-04-30,store_1,sku_1,44,13,30,69
2026-05-01,store_1,sku_1,69,11,0,63
2026-05-02,store_1,sku_1,63,14,0,58
2026-05-03,store_1,sku_1,58,10,0,56
2026-05-04,store_1,sku_1,56,11,20,68
2026-05-05,store_1,sku_1,68,10,20,79
2026-05-06,store_1,sku_1,79,13,0,70
2026-05-07,store_1,sku_1,70,12,20,80
2026-05-08,store_1,sku_1,80,12,20,87
2026-05-09,store_1,sku_1,87,8,0,79
2026-05-10,store_1,sku_1,79,13,0,71
2026-05-11,store_1,sku_1,71,16,20,77
2026-05-12,store_1,sku_1,77,14,20,84
2026-05-13,store_1,sku_1,84,9,0,75
2026-05-14,store_1,sku_1,75,14,20,84
2026-05-15,store_1,sku_1,84,13,0,73
2026-05-16,store_1,sku_1,73,8,0,68
2026-05-17,store_1,sku_1,68,13,20,81
2026-05-18,store_1,sku_1,81,17,0,65
2026-05-19,store_1,sku_1,65,12,20,76
2026-05-20,store_1,sku_1,76,16,0,65
2026-05-21,store_1,sku_1,65,16,0,55
2026-05-22,store_1,sku_1,55,10,0,52
2026-05-23,store_1,sku_1,52,8,30,79
2026-05-24,store_1,sku_1,79,11,0,71
2026-05-25,store_1,sku_1,71,13,30,89
2026-05-26,store_1,sku_1,89,18,20,92
2026-05-27,store_1,sku_1,92,9,0,78
2026-05-28,store_1,sku_1,78,13,30,95
2026-05-29,store_1,sku_1,95,10,0,85
2026-05-30,store_1,sku_1,85,15,0,75
2026-04-01,store_1,sku_2,131,9,0,114
2026-04-02,store_1,sku_2,114,12,0,102
2026-04-03,store_1,sku_2,102,13,0,89
2026-04-04,store_1,sku_2,89,9,0,81
2026-04-05,store_1,sku_2,81,10,0,75
2026-04-06,store_1,sku_2,75,15,0,63
2026-04-07,store_1,sku_2,63,15,20,73
2026-04-08,store_1,sku_2,73,12,0,64
2026-04-09,store_1,sku_2,64,14,0,56
2026-04-10,store_1,sku_2,56,8,0,55
2026-04-11,store_1,sku_2,55,17,30,77
2026-04-12,store_1,sku_2,77,13,30,100
2026-04-13,store_1,sku_2,100,13,0,87
2026-04-14,store_1,sku_2,87,14,20,95
2026-04-15,store_1,sku_2,95,13,0,81
2026-04-16,store_1,sku_2,81,17,30,99
2026-04-17,store_1,sku_2,99,12,20,108
2026-04-18,store_1,sku_2,108,9,0,96
2026-04-19,store_1,sku_2,96,14,0,86
2026-04-20,store_1,sku_2,86,12,30,102
2026-04-21,store_1,sku_2,102,17,0,87
2026-04-22,store_1,sku_2,87,6,0,80
2026-04-23,store_1,sku_2,80,10,20,90
2026-04-24,store_1,sku_2,90,11,0,83
2026-04-25,store_1,sku_2,83,8,30,104
2026-04-26,store_1,sku_2,104,11,0,96
2026-04-27,store_1,sku_2,96,14,0,81
2026-04-28,store_1,sku_2,81,10,30,99
2026-04-29,store_1,sku_2,99,13,0,85
2026-04-30,store_1,sku_2,85,13,20,94
2026-05-01,store_1,sku_2,94,20,0,78
2026-05-02,store_1,sku_2,78,11,0,70
2026-05-03,store_1,sku_2,70,11,30,95
2026-05-04,store_1,sku_2,95,10,0,82
2026-05-05,store_1,sku_2,82,6,0,74
2026-05-06,store_1,sku_2,74,11,0,65
2026-05-07,store_1,sku_2,65,12,30,84
2026-05-08,store_1,sku_2,84,19,30,97
2026-05-09,store_1,sku_2,97,9,30,120
2026-05-10,store_1,sku_2,120,9,30,135
2026-05-11,store_1,sku_2,135,13,0,113
2026-05-12,store_1,sku_2,113,12,30,126
2026-05-13,store_1,sku_2,126,14,0,108
2026-05-14,store_1,sku_2,108,8,0,97
2026-05-15,store_1,sku_2,97,12,0,86
2026-05-16,store_1,sku_2,86,14,0,79
2026-05-17,store_1,sku_2,79,13,30,100
2026-05-18,store_1,sku_2,100,12,0,85
2026-05-19,store_1,sku_2,85,13,0,78
2026-05-20,store_1,sku_2,78,19,0,68
2026-05-21,store_1,sku_2,68,13,0,60
2026-05-22,store_1,sku_2,60,16,0,54
2026-05-23,store_1,sku_2,54,14,20,70
2026-05-24,store_1,sku_2,70,14,0,63
2026-05-25,store_1,sku_2,63,11,0,56
2026-05-26,store_1,sku_2,56,11,20,69
2026-05-27,store_1,sku_2,69,12,0,64
2026-05-28,store_1,sku_2,64,5,0,62
2026-05-29,store_1,sku_2,62,13,0,57
2026-05-30,store_1,sku_2,57,7,0,58
2026-04-01,store_1,sku_3,108,8,0,98
2026-04-02,store_1,sku_3,98,12,0,86
2026-04-03,store_1,sku_3,86,12,0,80
2026-04-04,store_1,sku_3,80,14,30,102
2026-04-05,store_1,sku_3,102,14,0,94
2026-04-06,store_1,sku_3,94,14,0,81
2026-04-07,store_1,sku_3,81,13,30,98
2026-04-08,store_1,sku_3,98,16,0,86
2026-04-09,store_1,sku_3,86,12,0,79
2026-04-10,store_1,sku_3,79,15,20,90
2026-04-11,store_1,sku_3,90,8,20,102
2026-04-12,store_1,sku_3,102,9,0,97
2026-04-13,store_1,sku_3,97,15,30,109
2026-04-14,store_1,sku_3,109,10,0,94
2026-04-15,store_1,sku_3,94,11,0,84
2026-04-16,store_1,sku_3,84,16,0,70
2026-04-17,store_1,sku_3,70,14,0,64
2026-04-18,store_1,sku_3,64,14,0,57
2026-04-19,store_1,sku_3,57,11,0,57
2026-04-20,store_1,sku_3,57,8,20,72
2026-04-21,store_1,sku_3,72,15,0,62
2026-04-22,store_1,sku_3,62,15,20,74
2026-04-23,store_1,sku_3,74,13,0,68
2026-04-24,store_1,sku_3,68,10,0,64
2026-04-25,store_1,sku_3,64,14,0,61
2026-04-26,store_1,sku_3,61,10,20,81
2026-04-27,store_1,sku_3,81,10,0,71
2026-04-28,store_1,sku_3,71,13,20,81
2026-04-29,store_1,sku_3,81,17,0,71
2026-04-30,store_1,sku_3,71,15,0,67
2026-05-01,store_1,sku_3,67,12,0,60
2026-05-02,store_1,sku_3,60,18,0,55
2026-05-03,store_1,sku_3,55,17,20,67
2026-05-04,store_1,sku_3,67,9,30,87
2026-05-05,store_1,sku_3,87,14,0,77
2026-05-06,store_1,sku_3,77,14,0,65
2026-05-07,store_1,sku_3,65,13,0,59
2026-05-08,store_1,sku_3,59,14,0,55
2026-05-09,store_1,sku_3,55,15,0,52
2026-05-10,store_1,sku_3,52,14,0,50
2026-05-11,store_1,sku_3,50,13,0,47
2026-05-12,store_1,sku_3,47,12,0,44
2026-05-13,store_1,sku_3,44,12,20,62
2026-05-14,store_1,sku_3,62,7,30,85
2026-05-15,store_1,sku_3,85,6,30,107
2026-05-16,store_1,sku_3,107,15,30,122
2026-05-17,store_1,sku_3,122,16,30,136
2026-05-18,store_1,sku_3,136,12,0,116
2026-05-19,store_1,sku_3,116,17,0,98
2026-05-20,store_1,sku_3,98,10,0,86
2026-05-21,store_1,sku_3,86,10,0,78
2026-05-22,store_1,sku_3,78,15,0,68
2026-05-23,store_1,sku_3,68,14,30,89
2026-05-24,store_1,sku_3,89,14,0,78
2026-05-25,store_1,sku_3,78,15,30,93
2026-05-26,store_1,sku_3,93,11,0,82
2026-05-27,store_1,sku_3,82,14,30,99
2026-05-28,store_1,sku_3,99,14,0,89
2026-05-29,store_1,sku_3,89,12,0,79
2026-05-30,store_1,sku_3,79,16,0,73
2026-04-01,store_1,sku_4,111,14,0,98
2026-04-02,store_1,sku_4,98,19,0,88
2026-04-03,store_1,sku_4,88,13,30,109
2026-04-04,store_1,sku_4,109,11,0,100
2026-04-05,store_1,sku_4,100,13,30,117
2026-04-06,store_1,sku_4,117,8,0,101
2026-04-07,store_1,sku_4,101,10,30,117
2026-04-08,store_1,sku_4,117,19,0,101
2026-04-09,store_1,sku_4,101,10,0,91
2026-04-10,store_1,sku_4,91,12,0,84
2026-04-11,store_1,sku_4,84,15,0,78
2026-04-12,store_1,sku_4,78,10,20,93
2026-04-13,store_1,sku_4,93,21,30,106
2026-04-14,store_1,sku_4,106,13,0,94
2026-04-15,store_1,sku_4,94,13,20,101
2026-04-16,store_1,sku_4,101,14,0,88
2026-04-17,store_1,sku_4,88,15,30,107
2026-04-18,store_1,sku_4,107,12,30,125
2026-04-19,store_1,sku_4,125,12,20,128
2026-04-20,store_1,sku_4,128,12,0,108
2026-04-21,store_1,sku_4,108,9,0,98
2026-04-22,store_1,sku_4,98,11,0,86
2026-04-23,store_1,sku_4,86,4,0,87
2026-04-24,store_1,sku_4,87,14,30,105
2026-04-25,store_1,sku_4,105,14,0,94
2026-04-26,store_1,sku_4,94,13,20,105
2026-04-27,store_1,sku_4,105,15,20,109
2026-04-28,store_1,sku_4,109,11,0,98
2026-04-29,store_1,sku_4,98,18,30,110
2026-04-30,store_1,sku_4,110,17,0,95
2026-05-01,store_1,sku_4,95,17,30,113
2026-05-02,store_1,sku_4,113,13,0,102
2026-05-03,store_1,sku_4,102,18,30,116
2026-05-04,store_1,sku_4,116,12,0,102
2026-05-05,store_1,sku_4,102,8,0,92
2026-05-06,store_1,sku_4,92,17,0,76
2026-05-07,store_1,sku_4,76,11,0,70
2026-05-08,store_1,sku_4,70,14,0,65
2026-05-09,store_1,sku_4,65,12,20,81
2026-05-10,store_1,sku_4,81,10,20,97
2026-05-11,store_1,sku_4,97,15,30,112
2026-05-12,store_1,sku_4,112,14,30,127
2026-05-13,store_1,sku_4,127,13,0,110
2026-05-14,store_1,sku_4,110,10,30,124
2026-05-15,store_1,sku_4,124,10,0,112
2026-05-16,store_1,sku_4,112,13,0,100
2026-05-17,store_1,sku_4,100,16,0,90
2026-05-18,store_1,sku_4,90,11,0,81
2026-05-19,store_1,sku_4,81,14,0,72
2026-05-20,store_1,sku_4,72,14,0,64
2026-05-21,store_1,sku_4,64,14,20,79
2026-05-22,store_1,sku_4,79,17,30,97
2026-05-23,store_1,sku_4,97,14,0,86
2026-05-24,store_1,sku_4,86,12,20,97
2026-05-25,store_1,sku_4,97,15,0,82
2026-05-26,store_1,sku_4,82,11,20,93
2026-05-27,store_1,sku_4,93,18,0,81
2026-05-28,store_1,sku_4,81,19,30,95
2026-05-29,store_1,sku_4,95,9,0,87
2026-05-30,store_1,sku_4,87,16,20,97
2026-04-01,store_1,sku_5,86,15,30,103
2026-04-02,store_1,sku_5,103,17,0,90
2026-04-03,store_1,sku_5,90,15,0,83
2026-04-04,store_1,sku_5,83,15,0,78
2026-04-05,store_1,sku_5,78,10,0,76
2026-04-06,store_1,sku_5,76,9,20,88
2026-04-07,store_1,sku_5,88,10,20,100
2026-04-08,store_1,sku_5,100,14,30,118
2026-04-09,store_1,sku_5,118,12,0,106
2026-04-10,store_1,sku_5,106,14,0,96
2026-04-11,store_1,sku_5,96,12,20,106
2026-04-12,store_1,sku_5,106,18,0,91
2026-04-13,store_1,sku_5,91,18,0,82
2026-04-14,store_1,sku_5,82,12,20,92
2026-04-15,store_1,sku_5,92,13,0,83
2026-04-16,store_1,sku_5,83,10,20,97
2026-04-17,store_1,sku_5,97,9,0,92
2026-04-18,store_1,sku_5,92,20,20,99
2026-04-19,store_1,sku_5,99,13,0,93
2026-04-20,store_1,sku_5,93,8,0,85
2026-04-21,store_1,sku_5,85,19,0,73
2026-04-22,store_1,sku_5,73,19,0,65
2026-04-23,store_1,sku_5,65,14,0,60
2026-04-24,store_1,sku_5,60,14,30,84
2026-04-25,store_1,sku_5,84,8,0,81
2026-04-26,store_1,sku_5,81,11,30,105
2026-04-27,store_1,sku_5,105,8,0,93
2026-04-28,store_1,sku_5,93,15,0,78
2026-04-29,store_1,sku_5,78,16,0,70
2026-04-30,store_1,sku_5,70,11,30,95
2026-05-01,store_1,sku_5,95,15,0,89
2026-05-02,store_1,sku_5,89,15,0,81
2026-05-03,store_1,sku_5,81,16,20,94
2026-05-04,store_1,sku_5,94,17,0,80
2026-05-05,store_1,sku_5,80,12,20,92
2026-05-06,store_1,sku_5,92,18,0,80
2026-05-07,store_1,sku_5,80,14,20,91
2026-05-08,store_1,sku_5,91,16,30,108
2026-05-09,store_1,sku_5,108,11,30,123
2026-05-10,store_1,sku_5,123,11,30,139
2026-05-11,store_1,sku_5,139,17,0,118
2026-05-12,store_1,sku_5,118,10,20,125
2026-05-13,store_1,sku_5,125,11,0,110
2026-05-14,store_1,sku_5,110,15,0,98
2026-05-15,store_1,sku_5,98,13,0,90
2026-05-16,store_1,sku_5,90,10,0,85
2026-05-17,store_1,sku_5,85,10,0,79
2026-05-18,store_1,sku_5,79,16,0,68
2026-05-19,store_1,sku_5,68,13,20,82
2026-05-20,store_1,sku_5,82,7,30,104
2026-05-21,store_1,sku_5,104,18,0,91
2026-05-22,store_1,sku_5,91,16,0,80
2026-05-23,store_1,sku_5,80,15,0,74
2026-05-24,store_1,sku_5,74,15,0,70
2026-05-25,store_1,sku_5,70,14,0,64
2026-05-26,store_1,sku_5,64,16,0,54
2026-05-27,store_1,sku_5,54,17,0,52
2026-05-28,store_1,sku_5,52,10,20,71
2026-05-29,store_1,sku_5,71,16,30,95
2026-05-30,store_1,sku_5,95,15,30,112
2026-04-01,store_1,sku_6,121,14,0,106
2026-04-02,store_1,sku_6,106,20,30,122
2026-04-03,store_1,sku_6,122,17,20,127
2026-04-04,store_1,sku_6,127,16,30,141
2026-04-05,store_1,sku_6,141,18,0,125
2026-04-06,store_1,sku_6,125,16,0,109
2026-04-07,store_1,sku_6,109,9,0,99
2026-04-08,store_1,sku_6,99,10,0,94
2026-04-09,store_1,sku_6,94,19,30,110
2026-04-10,store_1,sku_6,110,18,0,97
2026-04-11,store_1,sku_6,97,15,20,108
2026-04-12,store_1,sku_6,108,14,20,115
2026-04-13,store_1,sku_6,115,14,30,131
2026-04-14,store_1,sku_6,131,17,0,113
2026-04-15,store_1,sku_6,113,15,0,100
2026-04-16,store_1,sku_6,100,11,30,119
2026-04-17,store_1,sku_6,119,12,0,109
2026-04-18,store_1,sku_6,109,15,0,96
2026-04-19,store_1,sku_6,96,14,0,91
2026-04-20,store_1,sku_6,91,17,0,80
2026-04-21,store_1,sku_6,80,11,0,75
2026-04-22,store_1,sku_6,75,15,0,71
2026-04-23,store_1,sku_6,71,17,0,63
2026-04-24,store_1,sku_6,63,13,20,80
2026-04-25,store_1,sku_6,80,13,0,77
2026-04-26,store_1,sku_6,77,12,20,92
2026-04-27,store_1,sku_6,92,15,20,100
2026-04-28,store_1,sku_6,100,15,0,87
2026-04-29,store_1,sku_6,87,12,20,97
2026-04-30,store_1,sku_6,97,8,0,89
2026-05-01,store_1,sku_6,89,14,20,100
2026-05-02,store_1,sku_6,100,18,0,86
2026-05-03,store_1,sku_6,86,15,30,106
2026-05-04,store_1,sku_6,106,13,0,93
2026-05-05,store_1,sku_6,93,11,0,87
2026-05-06,store_1,sku_6,87,19,0,76
2026-05-07,store_1,sku_6,76,20,30,97
2026-05-08,store_1,sku_6,97,14,0,89
2026-05-09,store_1,sku_6,89,15,0,84
2026-05-10,store_1,sku_6,84,12,20,100
2026-05-11,store_1,sku_6,100,13,0,91
2026-05-12,store_1,sku_6,91,14,0,82
2026-05-13,store_1,sku_6,82,14,0,76
2026-05-14,store_1,sku_6,76,8,0,75
2026-05-15,store_1,sku_6,75,11,0,72
2026-05-16,store_1,sku_6,72,14,0,68
2026-05-17,store_1,sku_6,68,16,30,92
2026-05-18,store_1,sku_6,92,12,0,83
2026-05-19,store_1,sku_6,83,15,0,76
2026-05-20,store_1,sku_6,76,14,0,67
2026-05-21,store_1,sku_6,67,8,0,67
2026-05-22,store_1,sku_6,67,14,0,64
2026-05-23,store_1,sku_6,64,15,0,60
2026-05-24,store_1,sku_6,60,10,30,88
2026-05-25,store_1,sku_6,88,15,30,105
2026-05-26,store_1,sku_6,105,6,0,95
2026-05-27,store_1,sku_6,95,11,0,87
2026-05-28,store_1,sku_6,87,14,0,80
2026-05-29,store_1,sku_6,80,17,0,72
2026-05-30,store_1,sku_6,72,15,0,66
2026-04-01,store_1,sku_7,126,15,0,111
2026-04-02,store_1,sku_7,111,19,20,119
2026-04-03,store_1,sku_7,119,14,30,133
2026-04-04,store_1,sku_7,133,15,0,118
2026-04-05,store_1,sku_7,118,15,30,136
2026-04-06,store_1,sku_7,136,12,30,149
2026-04-07,store_1,sku_7,149,19,20,146
2026-04-08,store_1,sku_7,146,18,0,126
2026-04-09,store_1,sku_7,126,12,0,114
2026-04-10,store_1,sku_7,114,13,0,107
2026-04-11,store_1,sku_7,107,14,0,99
2026-04-12,store_1,sku_7,99,14,0,93
2026-04-13,store_1,sku_7,93,16,0,84
2026-04-14,store_1,sku_7,84,19,0,75
2026-04-15,store_1,sku_7,75,11,0,72
2026-04-16,store_1,sku_7,72,17,0,67
2026-04-17,store_1,sku_7,67,17,0,64
2026-04-18,store_1,sku_7,64,18,30,88
2026-04-19,store_1,sku_7,88,15,0,79
2026-04-20,store_1,sku_7,79,15,30,96
2026-04-21,store_1,sku_7,96,16,20,105
2026-04-22,store_1,sku_7,105,11,0,99
2026-04-23,store_1,sku_7,99,13,0,95
2026-04-24,store_1,sku_7,95,14,20,109
2026-04-25,store_1,sku_7,109,15,20,116
2026-04-26,store_1,sku_7,116,14,20,123
2026-04-27,store_1,sku_7,123,14,0,107
2026-04-28,store_1,sku_7,107,17,20,112
2026-04-29,store_1,sku_7,112,14,0,101
2026-04-30,store_1,sku_7,101,16,20,108
2026-05-01,store_1,sku_7,108,18,0,96
2026-05-02,store_1,sku_7,96,10,0,93
2026-05-03,store_1,sku_7,93,10,0,91
2026-05-04,store_1,sku_7,91,17,30,108
2026-05-05,store_1,sku_7,108,10,30,126
2026-05-06,store_1,sku_7,126,13,20,132
2026-05-07,store_1,sku_7,132,19,20,136
2026-05-08,store_1,sku_7,136,18,0,120
2026-05-09,store_1,sku_7,120,17,0,108
2026-05-10,store_1,sku_7,108,15,0,100
2026-05-11,store_1,sku_7,100,12,0,90
2026-05-12,store_1,sku_7,90,16,0,81
2026-05-13,store_1,sku_7,81,16,0,74
2026-05-14,store_1,sku_7,74,17,0,67
2026-05-15,store_1,sku_7,67,19,0,62
2026-05-16,store_1,sku_7,62,9,20,81
2026-05-17,store_1,sku_7,81,14,0,78
2026-05-18,store_1,sku_7,78,13,0,73
2026-05-19,store_1,sku_7,73,15,0,68
2026-05-20,store_1,sku_7,68,16,0,63
2026-05-21,store_1,sku_7,63,8,20,83
2026-05-22,store_1,sku_7,83,14,0,80
2026-05-23,store_1,sku_7,80,15,0,75
2026-05-24,store_1,sku_7,75,16,0,72
2026-05-25,store_1,sku_7,72,17,0,64
2026-05-26,store_1,sku_7,64,17,30,85
2026-05-27,store_1,sku_7,85,17,30,105
2026-05-28,store_1,sku_7,105,15,30,121
2026-05-29,store_1,sku_7,121,13,0,111
2026-05-30,store_1,sku_7,111,11,30,129
2026-04-01,store_1,sku_8,138,14,0,127
2026-04-02,store_1,sku_8,127,11,20,136
2026-04-03,store_1,sku_8,136,15,20,140
2026-04-04,store_1,sku_8,140,16,0,125
2026-04-05,store_1,sku_8,125,19,20,132
2026-04-06,store_1,sku_8,132,13,30,144
2026-04-07,store_1,sku_8,144,11,0,131
2026-04-08,store_1,sku_8,131,14,20,135
2026-04-09,store_1,sku_8,135,11,0,120
2026-04-10,store_1,sku_8,120,12,0,111
2026-04-11,store_1,sku_8,111,19,0,99
2026-04-12,store_1,sku_8,99,19,20,109
2026-04-13,store_1,sku_8,109,14,0,98
2026-04-14,store_1,sku_8,98,15,20,106
2026-04-15,store_1,sku_8,106,11,20,117
2026-04-16,store_1,sku_8,117,14,30,133
2026-04-17,store_1,sku_8,133,15,0,120
2026-04-18,store_1,sku_8,120,13,20,131
2026-04-19,store_1,sku_8,131,19,20,137
2026-04-20,store_1,sku_8,137,18,20,138
2026-04-21,store_1,sku_8,138,17,0,121
2026-04-22,store_1,sku_8,121,11,0,112
2026-04-23,store_1,sku_8,112,11,30,133
2026-04-24,store_1,sku_8,133,17,30,148
2026-04-25,store_1,sku_8,148,14,0,133
2026-04-26,store_1,sku_8,133,15,0,121
2026-04-27,store_1,sku_8,121,18,0,106
2026-04-28,store_1,sku_8,106,12,0,98
2026-04-29,store_1,sku_8,98,15,0,89
2026-04-30,store_1,sku_8,89,14,0,83
2026-05-01,store_1,sku_8,83,20,0,76
2026-05-02,store_1,sku_8,76,8,0,76
2026-05-03,store_1,sku_8,76,14,0,77
2026-05-04,store_1,sku_8,77,14,30,100
2026-05-05,store_1,sku_8,100,15,0,90
2026-05-06,store_1,sku_8,90,15,20,104
2026-05-07,store_1,sku_8,104,8,0,98
2026-05-08,store_1,sku_8,98,15,0,92
2026-05-09,store_1,sku_8,92,16,0,88
2026-05-10,store_1,sku_8,88,18,0,83
2026-05-11,store_1,sku_8,83,18,30,100
2026-05-12,store_1,sku_8,100,17,0,90
2026-05-13,store_1,sku_8,90,15,30,106
2026-05-14,store_1,sku_8,106,10,30,125
2026-05-15,store_1,sku_8,125,14,30,138
2026-05-16,store_1,sku_8,138,12,0,125
2026-05-17,store_1,sku_8,125,22,0,110
2026-05-18,store_1,sku_8,110,14,20,115
2026-05-19,store_1,sku_8,115,9,20,123
2026-05-20,store_1,sku_8,123,14,0,108
2026-05-21,store_1,sku_8,108,12,0,101
2026-05-22,store_1,sku_8,101,16,0,91
2026-05-23,store_1,sku_8,91,17,20,104
2026-05-24,store_1,sku_8,104,15,20,113
2026-05-25,store_1,sku_8,113,14,20,120
2026-05-26,store_1,sku_8,120,14,20,128
2026-05-27,store_1,sku_8,128,18,30,141
2026-05-28,store_1,sku_8,141,21,30,152
2026-05-29,store_1,sku_8,152,11,0,140
2026-05-30,store_1,sku_8,140,12,20,144
2026-04-01,store_2,sku_1,68,13,0,61
2026-04-02,store_2,sku_1,61,10,0,57
2026-04-03,store_2,sku_1,57,9,0,59
2026-04-04,store_2,sku_1,59,13,30,82
2026-04-05,store_2,sku_1,82,11,20,94
2026-04-06,store_2,sku_1,94,4,20,101
2026-04-07,store_2,sku_1,101,5,0,90
2026-04-08,store_2,sku_1,90,16,30,107
2026-04-09,store_2,sku_1,107,13,20,113
2026-04-10,store_2,sku_1,113,9,0,103
2026-04-11,store_2,sku_1,103,10,0,94
2026-04-12,store_2,sku_1,94,14,30,110
2026-04-13,store_2,sku_1,110,8,0,97
2026-04-14,store_2,sku_1,97,13,20,102
2026-04-15,store_2,sku_1,102,14,0,89
2026-04-16,store_2,sku_1,89,17,20,93
2026-04-17,store_2,sku_1,93,17,30,107
2026-04-18,store_2,sku_1,107,15,30,121
2026-04-19,store_2,sku_1,121,6,20,129
2026-04-20,store_2,sku_1,129,7,0,115
2026-04-21,store_2,sku_1,115,10,0,101
2026-04-22,store_2,sku_1,101,10,0,91
2026-04-23,store_2,sku_1,91,12,0,84
2026-04-24,store_2,sku_1,84,10,0,78
2026-04-25,store_2,sku_1,78,14,20,88
2026-04-26,store_2,sku_1,88,12,0,80
2026-04-27,store_2,sku_1,80,14,0,70
2026-04-28,store_2,sku_1,70,14,30,91
2026-04-29,store_2,sku_1,91,11,0,82
2026-04-30,store_2,sku_1,82,10,30,101
2026-05-01,store_2,sku_1,101,17,0,88
2026-05-02,store_2,sku_1,88,11,0,78
2026-05-03,store_2,sku_1,78,6,20,95
2026-05-04,store_2,sku_1,95,12,0,81
2026-05-05,store_2,sku_1,81,12,20,93
2026-05-06,store_2,sku_1,93,14,0,81
2026-05-07,store_2,sku_1,81,11,0,70
2026-05-08,store_2,sku_1,70,13,0,62
2026-05-09,store_2,sku_1,62,10,30,85
2026-05-10,store_2,sku_1,85,9,30,104
2026-05-11,store_2,sku_1,104,14,30,117
2026-05-12,store_2,sku_1,117,11,20,118
2026-05-13,store_2,sku_1,118,16,30,123
2026-05-14,store_2,sku_1,123,11,0,109
2026-05-15,store_2,sku_1,109,10,0,98
2026-05-16,store_2,sku_1,98,14,20,105
2026-05-17,store_2,sku_1,105,13,30,119
2026-05-18,store_2,sku_1,119,15,0,100
2026-05-19,store_2,sku_1,100,12,0,85
2026-05-20,store_2,sku_1,85,13,0,76
2026-05-21,store_2,sku_1,76,7,0,72
2026-05-22,store_2,sku_1,72,14,0,64
2026-05-23,store_2,sku_1,64,15,0,59
2026-05-24,store_2,sku_1,59,13,0,57
2026-05-25,store_2,sku_1,57,14,30,81
2026-05-26,store_2,sku_1,81,11,0,73
2026-05-27,store_2,sku_1,73,13,0,65
2026-05-28,store_2,sku_1,65,9,0,62
2026-05-29,store_2,sku_1,62,10,30,88
2026-05-30,store_2,sku_1,88,12,0,81
2026-04-01,store_2,sku_2,63,8,30,89
2026-04-02,store_2,sku_2,89,18,0,78
2026-04-03,store_2,sku_2,78,11,0,72
2026-04-04,store_2,sku_2,72,12,30,94
2026-04-05,store_2,sku_2,94,15,0,86
2026-04-06,store_2,sku_2,86,11,30,104
2026-04-07,store_2,sku_2,104,9,0,95
2026-04-08,store_2,sku_2,95,15,0,81
2026-04-09,store_2,sku_2,81,15,20,88
2026-04-10,store_2,sku_2,88,12,30,108
2026-04-11,store_2,sku_2,108,14,0,97
2026-04-12,store_2,sku_2,97,17,0,88
2026-04-13,store_2,sku_2,88,4,0,82
2026-04-14,store_2,sku_2,82,7,0,76
2026-04-15,store_2,sku_2,76,16,20,86
2026-04-16,store_2,sku_2,86,10,0,78
2026-04-17,store_2,sku_2,78,17,0,70
2026-04-18,store_2,sku_2,70,7,0,72
2026-04-19,store_2,sku_2,72,14,0,69
2026-04-20,store_2,sku_2,69,8,0,66
2026-04-21,store_2,sku_2,66,11,0,60
2026-04-22,store_2,sku_2,60,11,0,58
2026-04-23,store_2,sku_2,58,13,0,55
2026-04-24,store_2,sku_2,55,14,0,52
2026-04-25,store_2,sku_2,52,19,20,68
2026-04-26,store_2,sku_2,68,16,30,89
2026-04-27,store_2,sku_2,89,19,0,76
2026-04-28,store_2,sku_2,76,12,0,68
2026-04-29,store_2,sku_2,68,12,0,65
2026-04-30,store_2,sku_2,65,13,0,59
2026-05-01,store_2,sku_2,59,15,30,83
2026-05-02,store_2,sku_2,83,15,0,75
2026-05-03,store_2,sku_2,75,10,30,97
2026-05-04,store_2,sku_2,97,13,0,84
2026-05-05,store_2,sku_2,84,11,0,74
2026-05-06,store_2,sku_2,74,16,30,91
2026-05-07,store_2,sku_2,91,13,20,102
2026-05-08,store_2,sku_2,102,12,0,92
2026-05-09,store_2,sku_2,92,19,0,80
2026-05-10,store_2,sku_2,80,11,0,75
2026-05-11,store_2,sku_2,75,14,20,83
2026-05-12,store_2,sku_2,83,17,20,89
2026-05-13,store_2,sku_2,89,19,20,97
2026-05-14,store_2,sku_2,97,13,20,106
2026-05-15,store_2,sku_2,106,10,20,115
2026-05-16,store_2,sku_2,115,15,0,102
2026-05-17,store_2,sku_2,102,8,0,93
2026-05-18,store_2,sku_2,93,7,0,85
2026-05-19,store_2,sku_2,85,16,0,70
2026-05-20,store_2,sku_2,70,12,20,82
2026-05-21,store_2,sku_2,82,19,0,70
2026-05-22,store_2,sku_2,70,17,30,91
2026-05-23,store_2,sku_2,91,14,0,83
2026-05-24,store_2,sku_2,83,15,30,102
2026-05-25,store_2,sku_2,102,15,20,106
2026-05-26,store_2,sku_2,106,13,0,92
2026-05-27,store_2,sku_2,92,12,20,99
2026-05-28,store_2,sku_2,99,11,0,88
2026-05-29,store_2,sku_2,88,13,0,81
2026-05-30,store_2,sku_2,81,9,20,94
2026-04-01,store_2,sku_3,82,17,0,73
2026-04-02,store_2,sku_3,73,12,0,65
2026-04-03,store_2,sku_3,65,13,0,65
2026-04-04,store_2,sku_3,65,13,0,63
2026-04-05,store_2,sku_3,63,15,0,58
2026-04-06,store_2,sku_3,58,8,0,55
2026-04-07,store_2,sku_3,55,17,20,67
2026-04-08,store_2,sku_3,67,7,20,79
2026-04-09,store_2,sku_3,79,12,30,100
2026-04-10,store_2,sku_3,100,11,0,94
2026-04-11,store_2,sku_3,94,12,0,84
2026-04-12,store_2,sku_3,84,15,0,78
2026-04-13,store_2,sku_3,78,16,0,66
2026-04-14,store_2,sku_3,66,19,20,76
2026-04-15,store_2,sku_3,76,8,0,71
2026-04-16,store_2,sku_3,71,17,0,65
2026-04-17,store_2,sku_3,65,13,30,89
2026-04-18,store_2,sku_3,89,17,20,95
2026-04-19,store_2,sku_3,95,10,30,117
2026-04-20,store_2,sku_3,117,14,0,100
2026-04-21,store_2,sku_3,100,11,0,89
2026-04-22,store_2,sku_3,89,9,0,81
2026-04-23,store_2,sku_3,81,15,20,92
2026-04-24,store_2,sku_3,92,12,30,112
2026-04-25,store_2,sku_3,112,10,30,128
2026-04-26,store_2,sku_3,128,10,30,142
2026-04-27,store_2,sku_3,142,13,0,123
2026-04-28,store_2,sku_3,123,8,20,128
2026-04-29,store_2,sku_3,128,14,0,112
2026-04-30,store_2,sku_3,112,8,30,130
2026-05-01,store_2,sku_3,130,16,0,110
2026-05-02,store_2,sku_3,110,14,0,99
2026-05-03,store_2,sku_3,99,14,0,90
2026-05-04,store_2,sku_3,90,12,0,77
2026-05-05,store_2,sku_3,77,16,20,85
2026-05-06,store_2,sku_3,85,11,0,76
2026-05-07,store_2,sku_3,76,12,0,70
2026-05-08,store_2,sku_3,70,14,0,66
2026-05-09,store_2,sku_3,66,13,0,66
2026-05-10,store_2,sku_3,66,9,0,68
2026-05-11,store_2,sku_3,68,16,20,76
2026-05-12,store_2,sku_3,76,12,0,70
2026-05-13,store_2,sku_3,70,13,0,64
2026-05-14,store_2,sku_3,64,12,20,79
2026-05-15,store_2,sku_3,79,13,0,74
2026-05-16,store_2,sku_3,74,11,0,76
2026-05-17,store_2,sku_3,76,7,0,76
2026-05-18,store_2,sku_3,76,10,0,70
2026-05-19,store_2,sku_3,70,15,0,65
2026-05-20,store_2,sku_3,65,13,20,75
2026-05-21,store_2,sku_3,75,17,30,95
2026-05-22,store_2,sku_3,95,16,0,84
2026-05-23,store_2,sku_3,84,13,0,78
2026-05-24,store_2,sku_3,78,14,0,71
2026-05-25,store_2,sku_3,71,16,30,89
2026-05-26,store_2,sku_3,89,12,30,108
2026-05-27,store_2,sku_3,108,5,20,119
2026-05-28,store_2,sku_3,119,8,0,108
2026-05-29,store_2,sku_3,108,16,0,95
2026-05-30,store_2,sku_3,95,11,30,117
2026-04-01,store_2,sku_4,133,15,0,116
2026-04-02,store_2,sku_4,116,8,20,125
2026-04-03,store_2,sku_4,125,8,0,115
2026-04-04,store_2,sku_4,115,20,20,117
2026-04-05,store_2,sku_4,117,13,20,127
2026-04-06,store_2,sku_4,127,11,0,112
2026-04-07,store_2,sku_4,112,13,0,98
2026-04-08,store_2,sku_4,98,13,0,86
2026-04-09,store_2,sku_4,86,14,20,96
2026-04-10,store_2,sku_4,96,8,0,93
2026-04-11,store_2,sku_4,93,14,30,113
2026-04-12,store_2,sku_4,113,9,30,131
2026-04-13,store_2,sku_4,131,11,20,132
2026-04-14,store_2,sku_4,132,15,0,114
2026-04-15,store_2,sku_4,114,14,30,129
2026-04-16,store_2,sku_4,129,11,0,113
2026-04-17,store_2,sku_4,113,9,0,105
2026-04-18,store_2,sku_4,105,9,20,117
2026-04-19,store_2,sku_4,117,12,20,123
2026-04-20,store_2,sku_4,123,14,0,105
2026-04-21,store_2,sku_4,105,12,0,91
2026-04-22,store_2,sku_4,91,14,20,103
2026-04-23,store_2,sku_4,103,12,0,95
2026-04-24,store_2,sku_4,95,13,20,105
2026-04-25,store_2,sku_4,105,6,30,127
2026-04-26,store_2,sku_4,127,10,0,117
2026-04-27,store_2,sku_4,117,11,30,132
2026-04-28,store_2,sku_4,132,9,0,119
2026-04-29,store_2,sku_4,119,9,0,111
2026-04-30,store_2,sku_4,111,16,0,98
2026-05-01,store_2,sku_4,98,10,20,110
2026-05-02,store_2,sku_4,110,13,0,100
2026-05-03,store_2,sku_4,100,13,0,91
2026-05-04,store_2,sku_4,91,12,0,83
2026-05-05,store_2,sku_4,83,9,0,76
2026-05-06,store_2,sku_4,76,13,0,70
2026-05-07,store_2,sku_4,70,18,20,80
2026-05-08,store_2,sku_4,80,15,30,100
2026-05-09,store_2,sku_4,100,11,30,120
2026-05-10,store_2,sku_4,120,16,20,125
2026-05-11,store_2,sku_4,125,11,0,110
2026-05-12,store_2,sku_4,110,16,0,97
2026-05-13,store_2,sku_4,97,18,0,83
2026-05-14,store_2,sku_4,83,13,20,93
2026-05-15,store_2,sku_4,93,11,0,85
2026-05-16,store_2,sku_4,85,10,20,99
2026-05-17,store_2,sku_4,99,9,30,120
2026-05-18,store_2,sku_4,120,22,0,100
2026-05-19,store_2,sku_4,100,13,30,119
2026-05-20,store_2,sku_4,119,16,0,105
2026-05-21,store_2,sku_4,105,9,30,122
2026-05-22,store_2,sku_4,122,17,0,109
2026-05-23,store_2,sku_4,109,13,20,116
2026-05-24,store_2,sku_4,116,15,0,107
2026-05-25,store_2,sku_4,107,16,0,93
2026-05-26,store_2,sku_4,93,16,0,80
2026-05-27,store_2,sku_4,80,13,20,91
2026-05-28,store_2,sku_4,91,8,0,86
2026-05-29,store_2,sku_4,86,12,30,107
2026-05-30,store_2,sku_4,107,12,0,98
2026-04-01,store_2,sku_5,75,13,0,70
2026-04-02,store_2,sku_5,70,14,0,67
2026-04-03,store_2,sku_5,67,13,0,65
2026-04-04,store_2,sku_5,65,16,0,60
2026-04-05,store_2,sku_5,60,14,30,87
2026-04-06,store_2,sku_5,87,14,20,97
2026-04-07,store_2,sku_5,97,16,0,87
2026-04-08,store_2,sku_5,87,13,20,100
2026-04-09,store_2,sku_5,100,17,30,118
2026-04-10,store_2,sku_5,118,11,0,110
2026-04-11,store_2,sku_5,110,18,0,97
2026-04-12,store_2,sku_5,97,13,0,91
2026-04-13,store_2,sku_5,91,10,20,103
2026-04-14,store_2,sku_5,103,15,0,92
2026-04-15,store_2,sku_5,92,13,0,87
2026-04-16,store_2,sku_5,87,11,0,82
2026-04-17,store_2,sku_5,82,16,0,74
2026-04-18,store_2,sku_5,74,10,0,74
2026-04-19,store_2,sku_5,74,10,0,74
2026-04-20,store_2,sku_5,74,15,0,68
2026-04-21,store_2,sku_5,68,13,0,65
2026-04-22,store_2,sku_5,65,15,30,88
2026-04-23,store_2,sku_5,88,17,0,80
2026-04-24,store_2,sku_5,80,9,0,77
2026-04-25,store_2,sku_5,77,18,0,73
2026-04-26,store_2,sku_5,73,14,0,71
2026-04-27,store_2,sku_5,71,16,0,64
2026-04-28,store_2,sku_5,64,14,30,86
2026-04-29,store_2,sku_5,86,12,0,78
2026-04-30,store_2,sku_5,78,10,30,103
2026-05-01,store_2,sku_5,103,19,0,94
2026-05-02,store_2,sku_5,94,9,20,111
2026-05-03,store_2,sku_5,111,12,0,104
2026-05-04,store_2,sku_5,104,7,0,95
2026-05-05,store_2,sku_5,95,14,20,101
2026-05-06,store_2,sku_5,101,15,0,90
2026-05-07,store_2,sku_5,90,10,0,82
2026-05-08,store_2,sku_5,82,13,30,102
2026-05-09,store_2,sku_5,102,15,0,93
2026-05-10,store_2,sku_5,93,10,0,91
2026-05-11,store_2,sku_5,91,15,30,108
2026-05-12,store_2,sku_5,108,15,0,96
2026-05-13,store_2,sku_5,96,14,30,114
2026-05-14,store_2,sku_5,114,15,0,103
2026-05-15,store_2,sku_5,103,15,30,116
2026-05-16,store_2,sku_5,116,17,30,130
2026-05-17,store_2,sku_5,130,17,20,134
2026-05-18,store_2,sku_5,134,9,20,139
2026-05-19,store_2,sku_5,139,8,0,127
2026-05-20,store_2,sku_5,127,13,0,112
2026-05-21,store_2,sku_5,112,10,0,105
2026-05-22,store_2,sku_5,105,16,0,94
2026-05-23,store_2,sku_5,94,11,0,91
2026-05-24,store_2,sku_5,91,9,30,116
2026-05-25,store_2,sku_5,116,10,30,130
2026-05-26,store_2,sku_5,130,11,0,116
2026-05-27,store_2,sku_5,116,10,30,130
2026-05-28,store_2,sku_5,130,12,0,116
2026-05-29,store_2,sku_5,116,11,0,105
2026-05-30,store_2,sku_5,105,20,20,112
2026-04-01,store_2,sku_6,120,9,0,111
2026-04-02,store_2,sku_6,111,11,30,131
2026-04-03,store_2,sku_6,131,10,0,120
2026-04-04,store_2,sku_6,120,14,20,127
2026-04-05,store_2,sku_6,127,13,0,116
2026-04-06,store_2,sku_6,116,15,0,103
2026-04-07,store_2,sku_6,103,14,0,94
2026-04-08,store_2,sku_6,94,13,0,87
2026-04-09,store_2,sku_6,87,14,20,97
2026-04-10,store_2,sku_6,97,16,20,104
2026-04-11,store_2,sku_6,104,15,0,97
2026-04-12,store_2,sku_6,97,14,0,91
2026-04-13,store_2,sku_6,91,14,30,108
2026-04-14,store_2,sku_6,108,13,0,98
2026-04-15,store_2,sku_6,98,12,30,116
2026-04-16,store_2,sku_6,116,15,0,105
2026-04-17,store_2,sku_6,105,15,30,123
2026-04-18,store_2,sku_6,123,15,20,130
2026-04-19,store_2,sku_6,130,14,0,122
2026-04-20,store_2,sku_6,122,13,30,135
2026-04-21,store_2,sku_6,135,15,0,117
2026-04-22,store_2,sku_6,117,17,0,104
2026-04-23,store_2,sku_6,104,11,0,98
2026-04-24,store_2,sku_6,98,10,30,123
2026-04-25,store_2,sku_6,123,16,0,111
2026-04-26,store_2,sku_6,111,14,0,102
2026-04-27,store_2,sku_6,102,16,0,91
2026-04-28,store_2,sku_6,91,12,30,112
2026-04-29,store_2,sku_6,112,14,20,117
2026-04-30,store_2,sku_6,117,16,30,128
2026-05-01,store_2,sku_6,128,15,0,117
2026-05-02,store_2,sku_6,117,12,0,110
2026-05-03,store_2,sku_6,110,13,0,104
2026-05-04,store_2,sku_6,104,13,0,95
2026-05-05,store_2,sku_6,95,11,0,90
2026-05-06,store_2,sku_6,90,16,0,85
2026-05-07,store_2,sku_6,85,12,20,97
2026-05-08,store_2,sku_6,97,16,0,90
2026-05-09,store_2,sku_6,90,14,0,86
2026-05-10,store_2,sku_6,86,10,0,87
2026-05-11,store_2,sku_6,87,22,20,93
2026-05-12,store_2,sku_6,93,16,20,101
2026-05-13,store_2,sku_6,101,8,0,94
2026-05-14,store_2,sku_6,94,10,20,110
2026-05-15,store_2,sku_6,110,15,0,100
2026-05-16,store_2,sku_6,100,13,0,95
2026-05-17,store_2,sku_6,95,14,0,90
2026-05-18,store_2,sku_6,90,13,30,107
2026-05-19,store_2,sku_6,107,8,0,100
2026-05-20,store_2,sku_6,100,10,0,94
2026-05-21,store_2,sku_6,94,14,30,113
2026-05-22,store_2,sku_6,113,15,0,103
2026-05-23,store_2,sku_6,103,10,0,100
2026-05-24,store_2,sku_6,100,16,20,111
2026-05-25,store_2,sku_6,111,12,30,128
2026-05-26,store_2,sku_6,128,14,0,115
2026-05-27,store_2,sku_6,115,14,0,104
2026-05-28,store_2,sku_6,104,16,0,96
2026-05-29,store_2,sku_6,96,11,0,93
2026-05-30,store_2,sku_6,93,15,0,85
2026-04-01,store_2,sku_7,82,17,20,93
2026-04-02,store_2,sku_7,93,13,30,113
2026-04-03,store_2,sku_7,113,12,20,124
2026-04-04,store_2,sku_7,124,15,30,142
2026-04-05,store_2,sku_7,142,15,0,130
2026-04-06,store_2,sku_7,130,14,0,116
2026-04-07,store_2,sku_7,116,15,30,132
2026-04-08,store_2,sku_7,132,16,20,134
2026-04-09,store_2,sku_7,134,15,0,120
2026-04-10,store_2,sku_7,120,15,20,127
2026-04-11,store_2,sku_7,127,16,0,117
2026-04-12,store_2,sku_7,117,15,20,126
2026-04-13,store_2,sku_7,126,15,30,137
2026-04-14,store_2,sku_7,137,13,30,151
2026-04-15,store_2,sku_7,151,15,0,135
2026-04-16,store_2,sku_7,135,14,0,126
2026-04-17,store_2,sku_7,126,15,30,140
2026-04-18,store_2,sku_7,140,12,0,130
2026-04-19,store_2,sku_7,130,13,0,120
2026-04-20,store_2,sku_7,120,14,0,106
2026-04-21,store_2,sku_7,106,11,20,117
2026-04-22,store_2,sku_7,117,16,0,104
2026-04-23,store_2,sku_7,104,16,0,94
2026-04-24,store_2,sku_7,94,13,20,109
2026-04-25,store_2,sku_7,109,16,0,102
2026-04-26,store_2,sku_7,102,18,30,119
2026-04-27,store_2,sku_7,119,12,0,107
2026-04-28,store_2,sku_7,107,12,20,116
2026-04-29,store_2,sku_7,116,11,0,108
2026-04-30,store_2,sku_7,108,14,0,100
2026-05-01,store_2,sku_7,100,16,20,110
2026-05-02,store_2,sku_7,110,21,0,96
2026-05-03,store_2,sku_7,96,11,20,109
2026-05-04,store_2,sku_7,109,14,0,98
2026-05-05,store_2,sku_7,98,20,0,87
2026-05-06,store_2,sku_7,87,16,30,106
2026-05-07,store_2,sku_7,106,14,0,98
2026-05-08,store_2,sku_7,98,9,20,113
2026-05-09,store_2,sku_7,113,14,0,104
2026-05-10,store_2,sku_7,104,13,30,126
2026-05-11,store_2,sku_7,126,16,20,131
2026-05-12,store_2,sku_7,131,13,0,118
2026-05-13,store_2,sku_7,118,16,30,132
2026-05-14,store_2,sku_7,132,17,0,120
2026-05-15,store_2,sku_7,120,20,30,133
2026-05-16,store_2,sku_7,133,14,20,139
2026-05-17,store_2,sku_7,139,12,20,144
2026-05-18,store_2,sku_7,144,15,30,154
2026-05-19,store_2,sku_7,154,12,20,153
2026-05-20,store_2,sku_7,153,15,0,136
2026-05-21,store_2,sku_7,136,21,0,119
2026-05-22,store_2,sku_7,119,16,0,106
2026-05-23,store_2,sku_7,106,19,0,95
2026-05-24,store_2,sku_7,95,11,0,93
2026-05-25,store_2,sku_7,93,12,30,113
2026-05-26,store_2,sku_7,113,18,0,98
2026-05-27,store_2,sku_7,98,17,20,108
2026-05-28,store_2,sku_7,108,12,0,100
2026-05-29,store_2,sku_7,100,14,20,113
2026-05-30,store_2,sku_7,113,11,0,108
2026-04-01,store_2,sku_8,120,8,30,138
2026-04-02,store_2,sku_8,138,16,0,124
2026-04-03,store_2,sku_8,124,18,20,127
2026-04-04,store_2,sku_8,127,12,30,146
2026-04-05,store_2,sku_8,146,14,20,153
2026-04-06,store_2,sku_8,153,17,0,133
2026-04-07,store_2,sku_8,133,9,20,141
2026-04-08,store_2,sku_8,141,11,30,156
2026-04-09,store_2,sku_8,156,17,0,134
2026-04-10,store_2,sku_8,134,11,0,127
2026-04-11,store_2,sku_8,127,13,0,120
2026-04-12,store_2,sku_8,120,15,0,114
2026-04-13,store_2,sku_8,114,16,20,121
2026-04-14,store_2,sku_8,121,17,0,111
2026-04-15,store_2,sku_8,111,18,20,119
2026-04-16,store_2,sku_8,119,18,0,109
2026-04-17,store_2,sku_8,109,13,0,104
2026-04-18,store_2,sku_8,104,22,20,111
2026-04-19,store_2,sku_8,111,13,0,105
2026-04-20,store_2,sku_8,105,12,0,93
2026-04-21,store_2,sku_8,93,13,20,105
2026-04-22,store_2,sku_8,105,21,0,93
2026-04-23,store_2,sku_8,93,19,0,87
2026-04-24,store_2,sku_8,87,16,0,85
2026-04-25,store_2,sku_8,85,15,0,83
2026-04-26,store_2,sku_8,83,14,20,101
2026-04-27,store_2,sku_8,101,21,0,89
2026-04-28,store_2,sku_8,89,18,0,83
2026-04-29,store_2,sku_8,83,15,30,106
2026-04-30,store_2,sku_8,106,8,0,104
2026-05-01,store_2,sku_8,104,15,0,96
2026-05-02,store_2,sku_8,96,10,20,113
2026-05-03,store_2,sku_8,113,15,0,106
2026-05-04,store_2,sku_8,106,23,0,93
2026-05-05,store_2,sku_8,93,18,0,87
2026-05-06,store_2,sku_8,87,14,0,79
2026-05-07,store_2,sku_8,79,14,0,75
2026-05-08,store_2,sku_8,75,14,0,73
2026-05-09,store_2,sku_8,73,19,0,71
2026-05-10,store_2,sku_8,71,17,0,71
2026-05-11,store_2,sku_8,71,15,0,64
2026-05-12,store_2,sku_8,64,15,30,90
2026-05-13,store_2,sku_8,90,18,0,85
2026-05-14,store_2,sku_8,85,12,30,109
2026-05-15,store_2,sku_8,109,16,30,130
2026-05-16,store_2,sku_8,130,18,0,117
2026-05-17,store_2,sku_8,117,12,30,136
2026-05-18,store_2,sku_8,136,14,30,148
2026-05-19,store_2,sku_8,148,19,0,125
2026-05-20,store_2,sku_8,125,16,30,139
2026-05-21,store_2,sku_8,139,15,0,125
2026-05-22,store_2,sku_8,125,17,20,129
2026-05-23,store_2,sku_8,129,13,30,146
2026-05-24,store_2,sku_8,146,10,20,155
2026-05-25,store_2,sku_8,155,18,20,150
2026-05-26,store_2,sku_8,150,17,20,147
2026-05-27,store_2,sku_8,147,16,0,129
2026-05-28,store_2,sku_8,129,13,0,118
2026-05-29,store_2,sku_8,118,13,20,127
2026-05-30,store_2,sku_8,127,18,0,116
2026-04-01,store_3,sku_1,82,9,20,92
2026-04-02,store_3,sku_1,92,13,30,106
2026-04-03,store_3,sku_1,106,10,0,95
2026-04-04,store_3,sku_1,95,17,0,82
2026-04-05,store_3,sku_1,82,15,0,78
2026-04-06,store_3,sku_1,78,10,0,72
2026-04-07,store_3,sku_1,72,5,0,67
2026-04-08,store_3,sku_1,67,11,0,62
2026-04-09,store_3,sku_1,62,12,0,61
2026-04-10,store_3,sku_1,61,18,30,82
2026-04-11,store_3,sku_1,82,17,30,99
2026-04-12,store_3,sku_1,99,15,0,90
2026-04-13,store_3,sku_1,90,11,30,106
2026-04-14,store_3,sku_1,106,9,0,97
2026-04-15,store_3,sku_1,97,12,0,87
2026-04-16,store_3,sku_1,87,14,30,106
2026-04-17,store_3,sku_1,106,14,0,99
2026-04-18,store_3,sku_1,99,11,20,110
2026-04-19,store_3,sku_1,110,14,20,116
2026-04-20,store_3,sku_1,116,11,0,100
2026-04-21,store_3,sku_1,100,11,30,116
2026-04-22,store_3,sku_1,116,15,20,116
2026-04-23,store_3,sku_1,116,6,0,105
2026-04-24,store_3,sku_1,105,8,0,95
2026-04-25,store_3,sku_1,95,10,0,87
2026-04-26,store_3,sku_1,87,11,0,83
2026-04-27,store_3,sku_1,83,12,0,73
2026-04-28,store_3,sku_1,73,11,30,95
2026-04-29,store_3,sku_1,95,9,30,114
2026-04-30,store_3,sku_1,114,6,20,124
2026-05-01,store_3,sku_1,124,11,20,132
2026-05-02,store_3,sku_1,132,9,0,119
2026-05-03,store_3,sku_1,119,12,20,126
2026-05-04,store_3,sku_1,126,12,0,111
2026-05-05,store_3,sku_1,111,12,0,99
2026-05-06,store_3,sku_1,99,10,20,107
2026-05-07,store_3,sku_1,107,15,0,98
2026-05-08,store_3,sku_1,98,12,20,106
2026-05-09,store_3,sku_1,106,16,30,122
2026-05-10,store_3,sku_1,122,13,0,110
2026-05-11,store_3,sku_1,110,16,0,95
2026-05-12,store_3,sku_1,95,16,0,84
2026-05-13,store_3,sku_1,84,11,0,76
2026-05-14,store_3,sku_1,76,17,0,69
2026-05-15,store_3,sku_1,69,12,20,83
2026-05-16,store_3,sku_1,83,12,0,78
2026-05-17,store_3,sku_1,78,7,30,104
2026-05-18,store_3,sku_1,104,17,30,116
2026-05-19,store_3,sku_1,116,11,0,100
2026-05-20,store_3,sku_1,100,18,20,104
2026-05-21,store_3,sku_1,104,11,0,96
2026-05-22,store_3,sku_1,96,10,0,89
2026-05-23,store_3,sku_1,89,13,0,82
2026-05-24,store_3,sku_1,82,11,30,104
2026-05-25,store_3,sku_1,104,9,0,90
2026-05-26,store_3,sku_1,90,14,30,107
2026-05-27,store_3,sku_1,107,13,30,121
2026-05-28,store_3,sku_1,121,14,20,123
2026-05-29,store_3,sku_1,123,11,20,131
2026-05-30,store_3,sku_1,131,7,20,135
2026-04-01,store_3,sku_2,113,12,30,125
2026-04-02,store_3,sku_2,125,13,30,137
2026-04-03,store_3,sku_2,137,6,0,127
2026-04-04,store_3,sku_2,127,17,0,112
2026-04-05,store_3,sku_2,112,12,30,132
2026-04-06,store_3,sku_2,132,16,30,139
2026-04-07,store_3,sku_2,139,13,20,136
2026-04-08,store_3,sku_2,136,14,0,122
2026-04-09,store_3,sku_2,122,14,0,108
2026-04-10,store_3,sku_2,108,12,0,99
2026-04-11,store_3,sku_2,99,10,0,95
2026-04-12,store_3,sku_2,95,16,0,85
2026-04-13,store_3,sku_2,85,15,30,102
2026-04-14,store_3,sku_2,102,14,20,110
2026-04-15,store_3,sku_2,110,13,0,98
2026-04-16,store_3,sku_2,98,14,20,105
2026-04-17,store_3,sku_2,105,19,0,93
2026-04-18,store_3,sku_2,93,7,0,88
2026-04-19,store_3,sku_2,88,16,0,78
2026-04-20,store_3,sku_2,78,15,0,68
2026-04-21,store_3,sku_2,68,17,20,79
2026-04-22,store_3,sku_2,79,16,0,70
2026-04-23,store_3,sku_2,70,9,0,69
2026-04-24,store_3,sku_2,69,8,30,93
2026-04-25,store_3,sku_2,93,15,0,84
2026-04-26,store_3,sku_2,84,7,0,82
2026-04-27,store_3,sku_2,82,12,0,73
2026-04-28,store_3,sku_2,73,17,0,64
2026-04-29,store_3,sku_2,64,10,0,62
2026-04-30,store_3,sku_2,62,11,30,87
2026-05-01,store_3,sku_2,87,16,0,78
2026-05-02,store_3,sku_2,78,12,0,74
2026-05-03,store_3,sku_2,74,9,0,73
2026-05-04,store_3,sku_2,73,16,0,66
2026-05-05,store_3,sku_2,66,11,30,90
2026-05-06,store_3,sku_2,90,11,0,84
2026-05-07,store_3,sku_2,84,12,20,94
2026-05-08,store_3,sku_2,94,17,30,111
2026-05-09,store_3,sku_2,111,17,0,99
2026-05-10,store_3,sku_2,99,19,0,87
2026-05-11,store_3,sku_2,87,7,0,80
2026-05-12,store_3,sku_2,80,12,30,99
2026-05-13,store_3,sku_2,99,13,0,89
2026-05-14,store_3,sku_2,89,14,0,79
2026-05-15,store_3,sku_2,79,10,0,73
2026-05-16,store_3,sku_2,73,11,0,71
2026-05-17,store_3,sku_2,71,11,0,70
2026-05-18,store_3,sku_2,70,10,30,93
2026-05-19,store_3,sku_2,93,17,0,82
2026-05-20,store_3,sku_2,82,12,0,76
2026-05-21,store_3,sku_2,76,17,0,66
2026-05-22,store_3,sku_2,66,14,0,65
2026-05-23,store_3,sku_2,65,12,30,90
2026-05-24,store_3,sku_2,90,8,0,87
2026-05-25,store_3,sku_2,87,7,30,110
2026-05-26,store_3,sku_2,110,7,0,99
2026-05-27,store_3,sku_2,99,9,0,91
2026-05-28,store_3,sku_2,91,16,30,110
2026-05-29,store_3,sku_2,110,14,0,99
2026-05-30,store_3,sku_2,99,10,0,94
2026-04-01,store_3,sku_3,106,15,0,96
2026-04-02,store_3,sku_3,96,13,0,89
2026-04-03,store_3,sku_3,89,4,20,106
2026-04-04,store_3,sku_3,106,12,0,99
2026-04-05,store_3,sku_3,99,12,30,118
2026-04-06,store_3,sku_3,118,12,0,105
2026-04-07,store_3,sku_3,105,13,0,96
2026-04-08,store_3,sku_3,96,9,0,92
2026-04-09,store_3,sku_3,92,7,20,106
2026-04-10,store_3,sku_3,106,11,20,115
2026-04-11,store_3,sku_3,115,12,0,108
2026-04-12,store_3,sku_3,108,9,0,100
2026-04-13,store_3,sku_3,100,18,20,104
2026-04-14,store_3,sku_3,104,13,30,119
2026-04-15,store_3,sku_3,119,12,0,110
2026-04-16,store_3,sku_3,110,17,20,116
2026-04-17,store_3,sku_3,116,10,0,104
2026-04-18,store_3,sku_3,104,16,0,96
2026-04-19,store_3,sku_3,96,11,20,109
2026-04-20,store_3,sku_3,109,15,0,95
2026-04-21,store_3,sku_3,95,8,0,89
2026-04-22,store_3,sku_3,89,16,0,81
2026-04-23,store_3,sku_3,81,14,0,76
2026-04-24,store_3,sku_3,76,15,30,96
2026-04-25,store_3,sku_3,96,11,30,119
2026-04-26,store_3,sku_3,119,11,30,134
2026-04-27,store_3,sku_3,134,18,30,143
2026-04-28,store_3,sku_3,143,15,0,125
2026-04-29,store_3,sku_3,125,12,30,138
2026-04-30,store_3,sku_3,138,11,0,124
2026-05-01,store_3,sku_3,124,11,0,114
2026-05-02,store_3,sku_3,114,10,20,123
2026-05-03,store_3,sku_3,123,14,0,113
2026-05-04,store_3,sku_3,113,14,0,99
2026-05-05,store_3,sku_3,99,13,20,106
2026-05-06,store_3,sku_3,106,11,0,97
2026-05-07,store_3,sku_3,97,10,0,90
2026-05-08,store_3,sku_3,90,16,0,81
2026-05-09,store_3,sku_3,81,14,20,94
2026-05-10,store_3,sku_3,94,14,0,88
2026-05-11,store_3,sku_3,88,16,0,79
2026-05-12,store_3,sku_3,79,10,0,75
2026-05-13,store_3,sku_3,75,18,30,92
2026-05-14,store_3,sku_3,92,14,0,83
2026-05-15,store_3,sku_3,83,11,0,79
2026-05-16,store_3,sku_3,79,11,0,77
2026-05-17,store_3,sku_3,77,11,0,73
2026-05-18,store_3,sku_3,73,15,0,67
2026-05-19,store_3,sku_3,67,8,0,66
2026-05-20,store_3,sku_3,66,15,0,62
2026-05-21,store_3,sku_3,62,12,0,64
2026-05-22,store_3,sku_3,64,18,20,82
2026-05-23,store_3,sku_3,82,10,20,99
2026-05-24,store_3,sku_3,99,16,30,119
2026-05-25,store_3,sku_3,119,12,20,124
2026-05-26,store_3,sku_3,124,13,0,110
2026-05-27,store_3,sku_3,110,12,30,128
2026-05-28,store_3,sku_3,128,14,0,113
2026-05-29,store_3,sku_3,113,10,30,131
2026-05-30,store_3,sku_3,131,11,0,121
2026-04-01,store_3,sku_4,113,13,30,131
2026-04-02,store_3,sku_4,131,14,0,116
2026-04-03,store_3,sku_4,116,18,0,104
2026-04-04,store_3,sku_4,104,12,0,96
2026-04-05,store_3,sku_4,96,9,0,92
2026-04-06,store_3,sku_4,92,22,20,95
2026-04-07,store_3,sku_4,95,9,0,91
2026-04-08,store_3,sku_4,91,13,0,85
2026-04-09,store_3,sku_4,85,8,20,99
2026-04-10,store_3,sku_4,99,7,0,96
2026-04-11,store_3,sku_4,96,6,30,120
2026-04-12,store_3,sku_4,120,11,0,112
2026-04-13,store_3,sku_4,112,14,0,101
2026-04-14,store_3,sku_4,101,17,0,89
2026-04-15,store_3,sku_4,89,14,0,82
2026-04-16,store_3,sku_4,82,12,20,96
2026-04-17,store_3,sku_4,96,11,20,109
2026-04-18,store_3,sku_4,109,11,0,101
2026-04-19,store_3,sku_4,101,9,20,115
2026-04-20,store_3,sku_4,115,11,0,105
2026-04-21,store_3,sku_4,105,11,0,98
2026-04-22,store_3,sku_4,98,11,0,90
2026-04-23,store_3,sku_4,90,13,0,84
2026-04-24,store_3,sku_4,84,10,30,109
2026-04-25,store_3,sku_4,109,12,0,102
2026-04-26,store_3,sku_4,102,6,20,118
2026-04-27,store_3,sku_4,118,19,20,122
2026-04-28,store_3,sku_4,122,10,20,130
2026-04-29,store_3,sku_4,130,11,30,142
2026-04-30,store_3,sku_4,142,11,0,127
2026-05-01,store_3,sku_4,127,16,30,141
2026-05-02,store_3,sku_4,141,9,0,129
2026-05-03,store_3,sku_4,129,11,30,148
2026-05-04,store_3,sku_4,148,16,30,154
2026-05-05,store_3,sku_4,154,5,0,142
2026-05-06,store_3,sku_4,142,12,20,143
2026-05-07,store_3,sku_4,143,18,0,125
2026-05-08,store_3,sku_4,125,12,0,114
2026-05-09,store_3,sku_4,114,14,0,105
2026-05-10,store_3,sku_4,105,15,20,117
2026-05-11,store_3,sku_4,117,10,0,105
2026-05-12,store_3,sku_4,105,6,0,96
2026-05-13,store_3,sku_4,96,10,0,90
2026-05-14,store_3,sku_4,90,14,0,86
2026-05-15,store_3,sku_4,86,9,20,102
2026-05-16,store_3,sku_4,102,11,0,96
2026-05-17,store_3,sku_4,96,8,0,93
2026-05-18,store_3,sku_4,93,19,30,108
2026-05-19,store_3,sku_4,108,16,0,96
2026-05-20,store_3,sku_4,96,11,20,108
2026-05-21,store_3,sku_4,108,14,0,96
2026-05-22,store_3,sku_4,96,11,20,109
2026-05-23,store_3,sku_4,109,11,20,120
2026-05-24,store_3,sku_4,120,18,0,108
2026-05-25,store_3,sku_4,108,14,20,113
2026-05-26,store_3,sku_4,113,14,20,121
2026-05-27,store_3,sku_4,121,14,0,109
2026-05-28,store_3,sku_4,109,18,0,97
2026-05-29,store_3,sku_4,97,20,0,85
2026-05-30,store_3,sku_4,85,9,0,87
2026-04-01,store_3,sku_5,65,12,0,66
2026-04-02,store_3,sku_5,66,16,0,61
2026-04-03,store_3,sku_5,61,13,20,79
2026-04-04,store_3,sku_5,79,8,0,80
2026-04-05,store_3,sku_5,80,16,20,99
2026-04-06,store_3,sku_5,99,12,0,91
2026-04-07,store_3,sku_5,91,16,20,100
2026-04-08,store_3,sku_5,100,12,20,112
2026-04-09,store_3,sku_5,112,7,0,104
2026-04-10,store_3,sku_5,104,18,30,120
2026-04-11,store_3,sku_5,120,13,0,111
2026-04-12,store_3,sku_5,111,16,0,101
2026-04-13,store_3,sku_5,101,14,0,91
2026-04-14,store_3,sku_5,91,15,0,84
2026-04-15,store_3,sku_5,84,17,0,78
2026-04-16,store_3,sku_5,78,14,20,91
2026-04-17,store_3,sku_5,91,13,0,88
2026-04-18,store_3,sku_5,88,13,0,84
2026-04-19,store_3,sku_5,84,14,0,81
2026-04-20,store_3,sku_5,81,15,30,103
2026-04-21,store_3,sku_5,103,18,0,93
2026-04-22,store_3,sku_5,93,11,0,88
2026-04-23,store_3,sku_5,88,12,0,82
2026-04-24,store_3,sku_5,82,12,0,79
2026-04-25,store_3,sku_5,79,13,30,106
2026-04-26,store_3,sku_5,106,14,0,100
2026-04-27,store_3,sku_5,100,13,30,118
2026-04-28,store_3,sku_5,118,14,0,109
2026-04-29,store_3,sku_5,109,11,0,102
2026-04-30,store_3,sku_5,102,14,0,95
2026-05-01,store_3,sku_5,95,17,20,104
2026-05-02,store_3,sku_5,104,13,0,96
2026-05-03,store_3,sku_5,96,17,0,89
2026-05-04,store_3,sku_5,89,10,0,83
2026-05-05,store_3,sku_5,83,12,0,79
2026-05-06,store_3,sku_5,79,10,0,77
2026-05-07,store_3,sku_5,77,16,30,101
2026-05-08,store_3,sku_5,101,12,0,94
2026-05-09,store_3,sku_5,94,19,0,85
2026-05-10,store_3,sku_5,85,17,20,102
2026-05-11,store_3,sku_5,102,15,20,108
2026-05-12,store_3,sku_5,108,12,0,100
2026-05-13,store_3,sku_5,100,13,30,120
2026-05-14,store_3,sku_5,120,16,20,124
2026-05-15,store_3,sku_5,124,11,0,115
2026-05-16,store_3,sku_5,115,17,30,133
2026-05-17,store_3,sku_5,133,14,20,141
2026-05-18,store_3,sku_5,141,11,20,143
2026-05-19,store_3,sku_5,143,10,0,129
2026-05-20,store_3,sku_5,129,14,0,116
2026-05-21,store_3,sku_5,116,14,0,107
2026-05-22,store_3,sku_5,107,13,0,99
2026-05-23,store_3,sku_5,99,15,30,121
2026-05-24,store_3,sku_5,121,11,0,113
2026-05-25,store_3,sku_5,113,12,0,101
2026-05-26,store_3,sku_5,101,17,0,91
2026-05-27,store_3,sku_5,91,19,20,99
2026-05-28,store_3,sku_5,99,23,20,105
2026-05-29,store_3,sku_5,105,12,0,99
2026-05-30,store_3,sku_5,99,16,0,95
2026-04-01,store_3,sku_6,120,15,20,125
2026-04-02,store_3,sku_6,125,15,30,140
2026-04-03,store_3,sku_6,140,12,0,132
2026-04-04,store_3,sku_6,132,13,0,120
2026-04-05,store_3,sku_6,120,12,0,114
2026-04-06,store_3,sku_6,114,16,0,103
2026-04-07,store_3,sku_6,103,12,20,112
2026-04-08,store_3,sku_6,112,12,30,129
2026-04-09,store_3,sku_6,129,10,30,148
2026-04-10,store_3,sku_6,148,17,0,132
2026-04-11,store_3,sku_6,132,16,0,121
2026-04-12,store_3,sku_6,121,14,30,141
2026-04-13,store_3,sku_6,141,15,0,122
2026-04-14,store_3,sku_6,122,12,30,139
2026-04-15,store_3,sku_6,139,16,0,122
2026-04-16,store_3,sku_6,122,12,0,112
2026-04-17,store_3,sku_6,112,10,0,105
2026-04-18,store_3,sku_6,105,14,0,97
2026-04-19,store_3,sku_6,97,14,30,118
2026-04-20,store_3,sku_6,118,13,30,135
2026-04-21,store_3,sku_6,135,13,0,123
2026-04-22,store_3,sku_6,123,13,30,141
2026-04-23,store_3,sku_6,141,15,20,145
2026-04-24,store_3,sku_6,145,15,20,150
2026-04-25,store_3,sku_6,150,12,30,164
2026-04-26,store_3,sku_6,164,16,20,163
2026-04-27,store_3,sku_6,163,17,0,139
2026-04-28,store_3,sku_6,139,18,0,125
2026-04-29,store_3,sku_6,125,17,0,112
2026-04-30,store_3,sku_6,112,9,30,130
2026-05-01,store_3,sku_6,130,15,0,117
2026-05-02,store_3,sku_6,117,14,30,137
2026-05-03,store_3,sku_6,137,10,0,130
2026-05-04,store_3,sku_6,130,11,0,119
2026-05-05,store_3,sku_6,119,12,0,110
2026-05-06,store_3,sku_6,110,16,0,101
2026-05-07,store_3,sku_6,101,10,30,122
2026-05-08,store_3,sku_6,122,15,0,112
2026-05-09,store_3,sku_6,112,15,20,121
2026-05-10,store_3,sku_6,121,10,20,134
2026-05-11,store_3,sku_6,134,14,0,119
2026-05-12,store_3,sku_6,119,10,30,138
2026-05-13,store_3,sku_6,138,13,20,142
2026-05-14,store_3,sku_6,142,19,0,124
2026-05-15,store_3,sku_6,124,13,0,113
2026-05-16,store_3,sku_6,113,15,30,134
2026-05-17,store_3,sku_6,134,12,0,120
2026-05-18,store_3,sku_6,120,14,0,107
2026-05-19,store_3,sku_6,107,11,0,99
2026-05-20,store_3,sku_6,99,13,0,92
2026-05-21,store_3,sku_6,92,8,30,119
2026-05-22,store_3,sku_6,119,8,0,112
2026-05-23,store_3,sku_6,112,13,30,133
2026-05-24,store_3,sku_6,133,12,0,126
2026-05-25,store_3,sku_6,126,12,0,112
2026-05-26,store_3,sku_6,112,17,0,100
2026-05-27,store_3,sku_6,100,11,0,95
2026-05-28,store_3,sku_6,95,12,20,109
2026-05-29,store_3,sku_6,109,12,30,130
2026-05-30,store_3,sku_6,130,14,30,146
2026-04-01,store_3,sku_7,108,16,0,102
2026-04-02,store_3,sku_7,102,17,0,99
2026-04-03,store_3,sku_7,99,16,0,94
2026-04-04,store_3,sku_7,94,16,0,89
2026-04-05,store_3,sku_7,89,13,20,107
2026-04-06,store_3,sku_7,107,14,30,127
2026-04-07,store_3,sku_7,127,17,0,113
2026-04-08,store_3,sku_7,113,12,30,134
2026-04-09,store_3,sku_7,134,9,30,152
2026-04-10,store_3,sku_7,152,15,30,166
2026-04-11,store_3,sku_7,166,15,0,150
2026-04-12,store_3,sku_7,150,14,30,164
2026-04-13,store_3,sku_7,164,14,30,172
2026-04-14,store_3,sku_7,172,9,20,173
2026-04-15,store_3,sku_7,173,13,20,172
2026-04-16,store_3,sku_7,172,16,20,168
2026-04-17,store_3,sku_7,168,13,0,153
2026-04-18,store_3,sku_7,153,19,0,134
2026-04-19,store_3,sku_7,134,14,30,152
2026-04-20,store_3,sku_7,152,15,0,133
2026-04-21,store_3,sku_7,133,14,0,121
2026-04-22,store_3,sku_7,121,17,20,127
2026-04-23,store_3,sku_7,127,6,0,120
2026-04-24,store_3,sku_7,120,13,30,139
2026-04-25,store_3,sku_7,139,14,0,124
2026-04-26,store_3,sku_7,124,15,20,134
2026-04-27,store_3,sku_7,134,10,0,122
2026-04-28,store_3,sku_7,122,13,0,112
2026-04-29,store_3,sku_7,112,14,20,119
2026-04-30,store_3,sku_7,119,10,30,139
2026-05-01,store_3,sku_7,139,12,0,129
2026-05-02,store_3,sku_7,129,13,0,120
2026-05-03,store_3,sku_7,120,15,30,140
2026-05-04,store_3,sku_7,140,20,0,122
2026-05-05,store_3,sku_7,122,16,20,128
2026-05-06,store_3,sku_7,128,13,0,116
2026-05-07,store_3,sku_7,116,11,20,125
2026-05-08,store_3,sku_7,125,12,0,118
2026-05-09,store_3,sku_7,118,16,0,108
2026-05-10,store_3,sku_7,108,14,30,129
2026-05-11,store_3,sku_7,129,15,30,144
2026-05-12,store_3,sku_7,144,12,0,128
2026-05-13,store_3,sku_7,128,11,20,137
2026-05-14,store_3,sku_7,137,19,20,140
2026-05-15,store_3,sku_7,140,8,0,128
2026-05-16,store_3,sku_7,128,15,0,117
2026-05-17,store_3,sku_7,117,14,30,138
2026-05-18,store_3,sku_7,138,17,30,151
2026-05-19,store_3,sku_7,151,14,0,135
2026-05-20,store_3,sku_7,135,17,0,125
2026-05-21,store_3,sku_7,125,15,0,115
2026-05-22,store_3,sku_7,115,16,0,107
2026-05-23,store_3,sku_7,107,9,30,133
2026-05-24,store_3,sku_7,133,13,30,149
2026-05-25,store_3,sku_7,149,16,20,148
2026-05-26,store_3,sku_7,148,15,0,135
2026-05-27,store_3,sku_7,135,20,0,119
2026-05-28,store_3,sku_7,119,14,30,139
2026-05-29,store_3,sku_7,139,13,0,127
2026-05-30,store_3,sku_7,127,17,0,116
2026-04-01,store_3,sku_8,63,10,0,69
2026-04-02,store_3,sku_8,69,17,0,70
2026-04-03,store_3,sku_8,70,12,30,98
2026-04-04,store_3,sku_8,98,14,0,96
2026-04-05,store_3,sku_8,96,15,0,92
2026-04-06,store_3,sku_8,92,11,0,89
2026-04-07,store_3,sku_8,89,21,0,78
2026-04-08,store_3,sku_8,78,19,0,75
2026-04-09,store_3,sku_8,75,10,0,79
2026-04-10,store_3,sku_8,79,16,0,76
2026-04-11,store_3,sku_8,76,17,0,75
2026-04-12,store_3,sku_8,75,18,20,93
2026-04-13,store_3,sku_8,93,13,30,116
2026-04-14,store_3,sku_8,116,19,0,106
2026-04-15,store_3,sku_8,106,18,0,98
2026-04-16,store_3,sku_8,98,15,30,120
2026-04-17,store_3,sku_8,120,11,30,141
2026-04-18,store_3,sku_8,141,15,0,132
2026-04-19,store_3,sku_8,132,15,20,143
2026-04-20,store_3,sku_8,143,14,20,147
2026-04-21,store_3,sku_8,147,14,0,133
2026-04-22,store_3,sku_8,133,11,20,142
2026-04-23,store_3,sku_8,142,20,20,145
2026-04-24,store_3,sku_8,145,16,20,148
2026-04-25,store_3,sku_8,148,16,0,134
2026-04-26,store_3,sku_8,134,18,0,124
2026-04-27,store_3,sku_8,124,14,20,131
2026-04-28,store_3,sku_8,131,15,0,120
2026-04-29,store_3,sku_8,120,13,20,129
2026-04-30,store_3,sku_8,129,10,0,120
2026-05-01,store_3,sku_8,120,19,0,108
2026-05-02,store_3,sku_8,108,10,20,123
2026-05-03,store_3,sku_8,123,19,0,115
2026-05-04,store_3,sku_8,115,16,20,123
2026-05-05,store_3,sku_8,123,11,0,114
2026-05-06,store_3,sku_8,114,17,20,121
2026-05-07,store_3,sku_8,121,15,0,112
2026-05-08,store_3,sku_8,112,16,0,104
2026-05-09,store_3,sku_8,104,13,0,102
2026-05-10,store_3,sku_8,102,12,0,101
2026-05-11,store_3,sku_8,101,12,0,97
2026-05-12,store_3,sku_8,97,10,0,95
2026-05-13,store_3,sku_8,95,14,20,109
2026-05-14,store_3,sku_8,109,16,0,100
2026-05-15,store_3,sku_8,100,17,20,110
2026-05-16,store_3,sku_8,110,14,20,125
2026-05-17,store_3,sku_8,125,20,20,131
2026-05-18,store_3,sku_8,131,16,0,119
2026-05-19,store_3,sku_8,119,17,30,135
2026-05-20,store_3,sku_8,135,14,0,122
2026-05-21,store_3,sku_8,122,9,30,143
2026-05-22,store_3,sku_8,143,16,30,155
2026-05-23,store_3,sku_8,155,17,0,140
2026-05-24,store_3,sku_8,140,15,0,130
2026-05-25,store_3,sku_8,130,21,30,141
2026-05-26,store_3,sku_8,141,12,20,146
2026-05-27,store_3,sku_8,146,15,0,134
2026-05-28,store_3,sku_8,134,16,0,122
2026-05-29,store_3,sku_8,122,22,0,109
2026-05-30,store_3,sku_8,109,9,0,109
2026-04-01,store_4,sku_1,120,19,0,101
2026-04-02,store_4,sku_1,101,16,0,91
2026-04-03,store_4,sku_1,91,7,0,90
2026-04-04,store_4,sku_1,90,14,0,85
2026-04-05,store_4,sku_1,85,10,20,100
2026-04-06,store_4,sku_1,100,11,0,90
2026-04-07,store_4,sku_1,90,6,0,86
2026-04-08,store_4,sku_1,86,15,0,78
2026-04-09,store_4,sku_1,78,11,0,75
2026-04-10,store_4,sku_1,75,10,30,101
2026-04-11,store_4,sku_1,101,12,20,115
2026-04-12,store_4,sku_1,115,12,30,135
2026-04-13,store_4,sku_1,135,14,30,145
2026-04-14,store_4,sku_1,145,15,0,125
2026-04-15,store_4,sku_1,125,11,0,110
2026-04-16,store_4,sku_1,110,11,20,119
2026-04-17,store_4,sku_1,119,8,30,135
2026-04-18,store_4,sku_1,135,17,0,118
2026-04-19,store_4,sku_1,118,11,20,125
2026-04-20,store_4,sku_1,125,16,30,137
2026-04-21,store_4,sku_1,137,12,0,123
2026-04-22,store_4,sku_1,123,13,20,128
2026-04-23,store_4,sku_1,128,14,0,114
2026-04-24,store_4,sku_1,114,11,0,103
2026-04-25,store_4,sku_1,103,12,0,95
2026-04-26,store_4,sku_1,95,13,0,89
2026-04-27,store_4,sku_1,89,11,0,79
2026-04-28,store_4,sku_1,79,12,20,88
2026-04-29,store_4,sku_1,88,12,0,82
2026-04-30,store_4,sku_1,82,13,0,73
2026-05-01,store_4,sku_1,73,8,0,75
2026-05-02,store_4,sku_1,75,9,30,100
2026-05-03,store_4,sku_1,100,12,0,93
2026-05-04,store_4,sku_1,93,14,0,82
2026-05-05,store_4,sku_1,82,9,20,95
2026-05-06,store_4,sku_1,95,8,0,93
2026-05-07,store_4,sku_1,93,16,20,103
2026-05-08,store_4,sku_1,103,12,0,93
2026-05-09,store_4,sku_1,93,16,30,111
2026-05-10,store_4,sku_1,111,10,0,102
2026-05-11,store_4,sku_1,102,8,0,93
2026-05-12,store_4,sku_1,93,9,20,103
2026-05-13,store_4,sku_1,103,13,20,110
2026-05-14,store_4,sku_1,110,11,0,100
2026-05-15,store_4,sku_1,100,11,0,93
2026-05-16,store_4,sku_1,93,14,0,86
2026-05-17,store_4,sku_1,86,10,0,82
2026-05-18,store_4,sku_1,82,14,0,74
2026-05-19,store_4,sku_1,74,13,0,68
2026-05-20,store_4,sku_1,68,14,0,65
2026-05-21,store_4,sku_1,65,12,20,83
2026-05-22,store_4,sku_1,83,13,20,96
2026-05-23,store_4,sku_1,96,13,0,88
2026-05-24,store_4,sku_1,88,14,30,109
2026-05-25,store_4,sku_1,109,12,30,123
2026-05-26,store_4,sku_1,123,10,0,109
2026-05-27,store_4,sku_1,109,10,20,115
2026-05-28,store_4,sku_1,115,10,20,124
2026-05-29,store_4,sku_1,124,20,20,125
2026-05-30,store_4,sku_1,125,7,0,115
2026-04-01,store_4,sku_2,83,16,30,102
2026-04-02,store_4,sku_2,102,12,0,95
2026-04-03,store_4,sku_2,95,12,0,89
2026-04-04,store_4,sku_2,89,8,20,106
2026-04-05,store_4,sku_2,106,7,0,103
2026-04-06,store_4,sku_2,103,13,0,93
2026-04-07,store_4,sku_2,93,12,0,87
2026-04-08,store_4,sku_2,87,14,20,99
2026-04-09,store_4,sku_2,99,15,0,88
2026-04-10,store_4,sku_2,88,14,0,83
2026-04-11,store_4,sku_2,83,16,0,76
2026-04-12,store_4,sku_2,76,14,30,101
2026-04-13,store_4,sku_2,101,7,20,109
2026-04-14,store_4,sku_2,109,9,0,102
2026-04-15,store_4,sku_2,102,18,0,90
2026-04-16,store_4,sku_2,90,12,30,114
2026-04-17,store_4,sku_2,114,11,30,134
2026-04-18,store_4,sku_2,134,11,0,123
2026-04-19,store_4,sku_2,123,8,0,116
2026-04-20,store_4,sku_2,116,7,30,132
2026-04-21,store_4,sku_2,132,15,0,115
2026-04-22,store_4,sku_2,115,10,0,105
2026-04-23,store_4,sku_2,105,13,30,119
2026-04-24,store_4,sku_2,119,10,30,137
2026-04-25,store_4,sku_2,137,12,0,125
2026-04-26,store_4,sku_2,125,11,0,115
2026-04-27,store_4,sku_2,115,12,0,102
2026-04-28,store_4,sku_2,102,10,0,94
2026-04-29,store_4,sku_2,94,13,20,104
2026-04-30,store_4,sku_2,104,15,30,123
2026-05-01,store_4,sku_2,123,12,0,111
2026-05-02,store_4,sku_2,111,12,0,104
2026-05-03,store_4,sku_2,104,13,20,114
2026-05-04,store_4,sku_2,114,9,0,107
2026-05-05,store_4,sku_2,107,12,0,99
2026-05-06,store_4,sku_2,99,13,0,91
2026-05-07,store_4,sku_2,91,12,0,85
2026-05-08,store_4,sku_2,85,8,30,110
2026-05-09,store_4,sku_2,110,13,20,120
2026-05-10,store_4,sku_2,120,5,0,115
2026-05-11,store_4,sku_2,115,21,20,114
2026-05-12,store_4,sku_2,114,14,0,100
2026-05-13,store_4,sku_2,100,8,30,121
2026-05-14,store_4,sku_2,121,7,0,111
2026-05-15,store_4,sku_2,111,12,30,130
2026-05-16,store_4,sku_2,130,9,0,121
2026-05-17,store_4,sku_2,121,9,0,111
2026-05-18,store_4,sku_2,111,9,0,102
2026-05-19,store_4,sku_2,102,17,0,91
2026-05-20,store_4,sku_2,91,12,0,83
2026-05-21,store_4,sku_2,83,11,30,104
2026-05-22,store_4,sku_2,104,14,0,94
2026-05-23,store_4,sku_2,94,13,20,107
2026-05-24,store_4,sku_2,107,11,30,130
2026-05-25,store_4,sku_2,130,13,20,131
2026-05-26,store_4,sku_2,131,12,0,115
2026-05-27,store_4,sku_2,115,11,0,103
2026-05-28,store_4,sku_2,103,9,0,94
2026-05-29,store_4,sku_2,94,5,0,93
2026-05-30,store_4,sku_2,93,8,0,88
2026-04-01,store_4,sku_3,97,11,30,118
2026-04-02,store_4,sku_3,118,15,30,131
2026-04-03,store_4,sku_3,131,12,0,117
2026-04-04,store_4,sku_3,117,20,20,121
2026-04-05,store_4,sku_3,121,10,0,111
2026-04-06,store_4,sku_3,111,17,0,97
2026-04-07,store_4,sku_3,97,9,0,88
2026-04-08,store_4,sku_3,88,12,0,82
2026-04-09,store_4,sku_3,82,13,0,79
2026-04-10,store_4,sku_3,79,14,0,74
2026-04-11,store_4,sku_3,74,15,0,72
2026-04-12,store_4,sku_3,72,15,30,96
2026-04-13,store_4,sku_3,96,8,0,89
2026-04-14,store_4,sku_3,89,10,0,85
2026-04-15,store_4,sku_3,85,16,30,106
2026-04-16,store_4,sku_3,106,13,20,116
2026-04-17,store_4,sku_3,116,13,0,109
2026-04-18,store_4,sku_3,109,13,0,100
2026-04-19,store_4,sku_3,100,15,0,96
2026-04-20,store_4,sku_3,96,13,0,84
2026-04-21,store_4,sku_3,84,13,30,105
2026-04-22,store_4,sku_3,105,11,20,115
2026-04-23,store_4,sku_3,115,11,0,106
2026-04-24,store_4,sku_3,106,7,0,103
2026-04-25,store_4,sku_3,103,11,30,123
2026-04-26,store_4,sku_3,123,17,0,112
2026-04-27,store_4,sku_3,112,11,30,128
2026-04-28,store_4,sku_3,128,10,0,114
2026-04-29,store_4,sku_3,114,11,30,130
2026-04-30,store_4,sku_3,130,8,0,120
2026-05-01,store_4,sku_3,120,18,20,124
2026-05-02,store_4,sku_3,124,14,20,131
2026-05-03,store_4,sku_3,131,15,0,120
2026-05-04,store_4,sku_3,120,14,30,133
2026-05-05,store_4,sku_3,133,9,0,119
2026-05-06,store_4,sku_3,119,11,0,109
2026-05-07,store_4,sku_3,109,16,0,97
2026-05-08,store_4,sku_3,97,14,30,117
2026-05-09,store_4,sku_3,117,11,30,137
2026-05-10,store_4,sku_3,137,11,0,126
2026-05-11,store_4,sku_3,126,11,0,111
2026-05-12,store_4,sku_3,111,13,0,101
2026-05-13,store_4,sku_3,101,19,0,92
2026-05-14,store_4,sku_3,92,12,0,87
2026-05-15,store_4,sku_3,87,10,0,86
2026-05-16,store_4,sku_3,86,14,20,101
2026-05-17,store_4,sku_3,101,18,0,93
2026-05-18,store_4,sku_3,93,12,0,87
2026-05-19,store_4,sku_3,87,12,0,81
2026-05-20,store_4,sku_3,81,13,0,74
2026-05-21,store_4,sku_3,74,8,0,73
2026-05-22,store_4,sku_3,73,10,20,92
2026-05-23,store_4,sku_3,92,12,30,115
2026-05-24,store_4,sku_3,115,9,20,128
2026-05-25,store_4,sku_3,128,14,0,112
2026-05-26,store_4,sku_3,112,13,20,119
2026-05-27,store_4,sku_3,119,11,20,126
2026-05-28,store_4,sku_3,126,13,0,114
2026-05-29,store_4,sku_3,114,8,0,106
2026-05-30,store_4,sku_3,106,12,20,117
2026-04-01,store_4,sku_4,91,13,0,87
2026-04-02,store_4,sku_4,87,13,0,84
2026-04-03,store_4,sku_4,84,11,20,101
2026-04-04,store_4,sku_4,101,16,0,95
2026-04-05,store_4,sku_4,95,15,0,91
2026-04-06,store_4,sku_4,91,16,0,82
2026-04-07,store_4,sku_4,82,11,20,97
2026-04-08,store_4,sku_4,97,11,0,91
2026-04-09,store_4,sku_4,91,13,0,86
2026-04-10,store_4,sku_4,86,13,0,83
2026-04-11,store_4,sku_4,83,17,30,105
2026-04-12,store_4,sku_4,105,5,30,131
2026-04-13,store_4,sku_4,131,12,0,119
2026-04-14,store_4,sku_4,119,16,0,106
2026-04-15,store_4,sku_4,106,12,0,98
2026-04-16,store_4,sku_4,98,11,20,109
2026-04-17,store_4,sku_4,109,12,30,133
2026-04-18,store_4,sku_4,133,13,30,148
2026-04-19,store_4,sku_4,148,10,0,134
2026-04-20,store_4,sku_4,134,15,0,120
2026-04-21,store_4,sku_4,120,14,30,136
2026-04-22,store_4,sku_4,136,14,0,121
2026-04-23,store_4,sku_4,121,19,20,127
2026-04-24,store_4,sku_4,127,6,0,122
2026-04-25,store_4,sku_4,122,18,30,138
2026-04-26,store_4,sku_4,138,15,20,143
2026-04-27,store_4,sku_4,143,15,20,143
2026-04-28,store_4,sku_4,143,16,20,145
2026-04-29,store_4,sku_4,145,11,0,130
2026-04-30,store_4,sku_4,130,15,0,116
2026-05-01,store_4,sku_4,116,14,0,107
2026-05-02,store_4,sku_4,107,16,0,99
2026-05-03,store_4,sku_4,99,12,0,97
2026-05-04,store_4,sku_4,97,11,30,118
2026-05-05,store_4,sku_4,118,13,20,124
2026-05-06,store_4,sku_4,124,17,30,138
2026-05-07,store_4,sku_4,138,10,0,126
2026-05-08,store_4,sku_4,126,23,0,111
2026-05-09,store_4,sku_4,111,12,30,129
2026-05-10,store_4,sku_4,129,13,30,150
2026-05-11,store_4,sku_4,150,13,0,132
2026-05-12,store_4,sku_4,132,17,30,144
2026-05-13,store_4,sku_4,144,11,0,129
2026-05-14,store_4,sku_4,129,14,0,119
2026-05-15,store_4,sku_4,119,16,30,133
2026-05-16,store_4,sku_4,133,9,0,125
2026-05-17,store_4,sku_4,125,9,20,137
2026-05-18,store_4,sku_4,137,10,30,149
2026-05-19,store_4,sku_4,149,13,0,134
2026-05-20,store_4,sku_4,134,15,0,120
2026-05-21,store_4,sku_4,120,11,20,128
2026-05-22,store_4,sku_4,128,14,30,144
2026-05-23,store_4,sku_4,144,7,30,163
2026-05-24,store_4,sku_4,163,13,0,145
2026-05-25,store_4,sku_4,145,20,20,143
2026-05-26,store_4,sku_4,143,14,0,126
2026-05-27,store_4,sku_4,126,11,0,117
2026-05-28,store_4,sku_4,117,16,30,134
2026-05-29,store_4,sku_4,134,10,20,141
2026-05-30,store_4,sku_4,141,14,0,126
2026-04-01,store_4,sku_5,73,14,0,70
2026-04-02,store_4,sku_5,70,8,0,76
2026-04-03,store_4,sku_5,76,18,20,90
2026-04-04,store_4,sku_5,90,14,0,89
2026-04-05,store_4,sku_5,89,12,0,88
2026-04-06,store_4,sku_5,88,14,30,109
2026-04-07,store_4,sku_5,109,13,20,121
2026-04-08,store_4,sku_5,121,17,30,138
2026-04-09,store_4,sku_5,138,12,20,147
2026-04-10,store_4,sku_5,147,15,0,131
2026-04-11,store_4,sku_5,131,11,20,141
2026-04-12,store_4,sku_5,141,15,0,128
2026-04-13,store_4,sku_5,128,16,20,134
2026-04-14,store_4,sku_5,134,16,0,121
2026-04-15,store_4,sku_5,121,17,0,110
2026-04-16,store_4,sku_5,110,14,30,129
2026-04-17,store_4,sku_5,129,15,0,118
2026-04-18,store_4,sku_5,118,11,0,111
2026-04-19,store_4,sku_5,111,14,20,123
2026-04-20,store_4,sku_5,123,14,0,110
2026-04-21,store_4,sku_5,110,18,30,125
2026-04-22,store_4,sku_5,125,12,0,112
2026-04-23,store_4,sku_5,112,11,30,134
2026-04-24,store_4,sku_5,134,8,20,146
2026-04-25,store_4,sku_5,146,12,20,153
2026-04-26,store_4,sku_5,153,17,30,164
2026-04-27,store_4,sku_5,164,16,20,160
2026-04-28,store_4,sku_5,160,12,20,161
2026-04-29,store_4,sku_5,161,17,0,141
2026-04-30,store_4,sku_5,141,10,30,157
2026-05-01,store_4,sku_5,157,19,0,139
2026-05-02,store_4,sku_5,139,12,0,128
2026-05-03,store_4,sku_5,128,12,0,119
2026-05-04,store_4,sku_5,119,18,0,106
2026-05-05,store_4,sku_5,106,12,30,125
2026-05-06,store_4,sku_5,125,19,0,110
2026-05-07,store_4,sku_5,110,13,0,103
2026-05-08,store_4,sku_5,103,12,0,97
2026-05-09,store_4,sku_5,97,17,0,91
2026-05-10,store_4,sku_5,91,15,30,114
2026-05-11,store_4,sku_5,114,19,20,118
2026-05-12,store_4,sku_5,118,12,20,125
2026-05-13,store_4,sku_5,125,12,0,115
2026-05-14,store_4,sku_5,115,14,20,127
2026-05-15,store_4,sku_5,127,15,0,113
2026-05-16,store_4,sku_5,113,14,20,124
2026-05-17,store_4,sku_5,124,14,0,116
2026-05-18,store_4,sku_5,116,13,0,105
2026-05-19,store_4,sku_5,105,11,0,103
2026-05-20,store_4,sku_5,103,11,0,95
2026-05-21,store_4,sku_5,95,14,0,89
2026-05-22,store_4,sku_5,89,12,30,114
2026-05-23,store_4,sku_5,114,15,0,104
2026-05-24,store_4,sku_5,104,19,0,99
2026-05-25,store_4,sku_5,99,17,0,90
2026-05-26,store_4,sku_5,90,11,0,85
2026-05-27,store_4,sku_5,85,14,0,81
2026-05-28,store_4,sku_5,81,7,30,109
2026-05-29,store_4,sku_5,109,12,0,102
2026-05-30,store_4,sku_5,102,15,0,93
2026-04-01,store_4,sku_6,127,15,30,142
2026-04-02,store_4,sku_6,142,10,20,150
2026-04-03,store_4,sku_6,150,10,0,138
2026-04-04,store_4,sku_6,138,16,0,126
2026-04-05,store_4,sku_6,126,13,0,119
2026-04-06,store_4,sku_6,119,15,30,134
2026-04-07,store_4,sku_6,134,12,30,151
2026-04-08,store_4,sku_6,151,15,30,162
2026-04-09,store_4,sku_6,162,13,0,144
2026-04-10,store_4,sku_6,144,12,0,131
2026-04-11,store_4,sku_6,131,19,20,134
2026-04-12,store_4,sku_6,134,9,30,154
2026-04-13,store_4,sku_6,154,12,20,159
2026-04-14,store_4,sku_6,159,15,0,142
2026-04-15,store_4,sku_6,142,12,20,147
2026-04-16,store_4,sku_6,147,13,0,135
2026-04-17,store_4,sku_6,135,9,20,145
2026-04-18,store_4,sku_6,145,18,0,129
2026-04-19,store_4,sku_6,129,11,0,123
2026-04-20,store_4,sku_6,123,14,30,138
2026-04-21,store_4,sku_6,138,11,20,144
2026-04-22,store_4,sku_6,144,13,0,130
2026-04-23,store_4,sku_6,130,19,0,119
2026-04-24,store_4,sku_6,119,12,20,131
2026-04-25,store_4,sku_6,131,14,30,151
2026-04-26,store_4,sku_6,151,13,0,140
2026-04-27,store_4,sku_6,140,12,20,143
2026-04-28,store_4,sku_6,143,18,20,145
2026-04-29,store_4,sku_6,145,15,30,159
2026-04-30,store_4,sku_6,159,16,30,167
2026-05-01,store_4,sku_6,167,12,30,180
2026-05-02,store_4,sku_6,180,14,0,160
2026-05-03,store_4,sku_6,160,13,30,174
2026-05-04,store_4,sku_6,174,9,0,157
2026-05-05,store_4,sku_6,157,15,0,141
2026-05-06,store_4,sku_6,141,13,0,130
2026-05-07,store_4,sku_6,130,10,0,122
2026-05-08,store_4,sku_6,122,7,0,117
2026-05-09,store_4,sku_6,117,11,0,110
2026-05-10,store_4,sku_6,110,15,0,105
2026-05-11,store_4,sku_6,105,18,0,94
2026-05-12,store_4,sku_6,94,13,0,87
2026-05-13,store_4,sku_6,87,15,0,87
2026-05-14,store_4,sku_6,87,12,20,103
2026-05-15,store_4,sku_6,103,12,0,100
2026-05-16,store_4,sku_6,100,14,0,98
2026-05-17,store_4,sku_6,98,12,30,124
2026-05-18,store_4,sku_6,124,14,0,112
2026-05-19,store_4,sku_6,112,21,0,100
2026-05-20,store_4,sku_6,100,12,30,125
2026-05-21,store_4,sku_6,125,17,0,115
2026-05-22,store_4,sku_6,115,15,0,107
2026-05-23,store_4,sku_6,107,16,20,119
2026-05-24,store_4,sku_6,119,14,20,131
2026-05-25,store_4,sku_6,131,15,0,117
2026-05-26,store_4,sku_6,117,19,30,130
2026-05-27,store_4,sku_6,130,15,0,121
2026-05-28,store_4,sku_6,121,11,0,113
2026-05-29,store_4,sku_6,113,11,0,106
2026-05-30,store_4,sku_6,106,12,0,99
2026-04-01,store_4,sku_7,89,13,20,102
2026-04-02,store_4,sku_7,102,18,30,123
2026-04-03,store_4,sku_7,123,12,0,119
2026-04-04,store_4,sku_7,119,17,0,110
2026-04-05,store_4,sku_7,110,16,20,123
2026-04-06,store_4,sku_7,123,14,0,111
2026-04-07,store_4,sku_7,111,15,0,104
2026-04-08,store_4,sku_7,104,17,20,114
2026-04-09,store_4,sku_7,114,9,20,126
2026-04-10,store_4,sku_7,126,15,0,117
2026-04-11,store_4,sku_7,117,17,0,108
2026-04-12,store_4,sku_7,108,14,20,121
2026-04-13,store_4,sku_7,121,19,20,128
2026-04-14,store_4,sku_7,128,15,30,142
2026-04-15,store_4,sku_7,142,14,0,130
2026-04-16,store_4,sku_7,130,12,0,120
2026-04-17,store_4,sku_7,120,16,0,113
2026-04-18,store_4,sku_7,113,15,30,133
2026-04-19,store_4,sku_7,133,16,0,124
2026-04-20,store_4,sku_7,124,6,20,136
2026-04-21,store_4,sku_7,136,12,30,154
2026-04-22,store_4,sku_7,154,12,0,141
2026-04-23,store_4,sku_7,141,20,20,147
2026-04-24,store_4,sku_7,147,15,0,136
2026-04-25,store_4,sku_7,136,11,0,129
2026-04-26,store_4,sku_7,129,12,30,149
2026-04-27,store_4,sku_7,149,16,0,133
2026-04-28,store_4,sku_7,133,5,0,127
2026-04-29,store_4,sku_7,127,16,0,116
2026-04-30,store_4,sku_7,116,19,20,122
2026-05-01,store_4,sku_7,122,15,30,142
2026-05-02,store_4,sku_7,142,17,20,147
2026-05-03,store_4,sku_7,147,7,20,158
2026-05-04,store_4,sku_7,158,17,0,141
2026-05-05,store_4,sku_7,141,15,0,129
2026-05-06,store_4,sku_7,129,13,30,147
2026-05-07,store_4,sku_7,147,19,20,147
2026-05-08,store_4,sku_7,147,13,30,165
2026-05-09,store_4,sku_7,165,15,0,150
2026-05-10,store_4,sku_7,150,17,0,137
2026-05-11,store_4,sku_7,137,15,20,143
2026-05-12,store_4,sku_7,143,20,0,126
2026-05-13,store_4,sku_7,126,14,0,117
2026-05-14,store_4,sku_7,117,14,20,126
2026-05-15,store_4,sku_7,126,18,0,114
2026-05-16,store_4,sku_7,114,13,0,112
2026-05-17,store_4,sku_7,112,13,0,107
2026-05-18,store_4,sku_7,107,13,0,96
2026-05-19,store_4,sku_7,96,11,0,97
2026-05-20,store_4,sku_7,97,16,0,91
2026-05-21,store_4,sku_7,91,15,0,89
2026-05-22,store_4,sku_7,89,20,0,83
2026-05-23,store_4,sku_7,83,17,20,99
2026-05-24,store_4,sku_7,99,11,0,96
2026-05-25,store_4,sku_7,96,12,20,108
2026-05-26,store_4,sku_7,108,15,0,96
2026-05-27,store_4,sku_7,96,11,0,93
2026-05-28,store_4,sku_7,93,12,20,108
2026-05-29,store_4,sku_7,108,17,30,128
2026-05-30,store_4,sku_7,128,14,0,120
2026-04-01,store_4,sku_8,133,12,20,142
2026-04-02,store_4,sku_8,142,12,0,134
2026-04-03,store_4,sku_8,134,16,0,124
2026-04-04,store_4,sku_8,124,14,20,134
2026-04-05,store_4,sku_8,134,15,20,143
2026-04-06,store_4,sku_8,143,10,0,132
2026-04-07,store_4,sku_8,132,16,0,124
2026-04-08,store_4,sku_8,124,17,0,116
2026-04-09,store_4,sku_8,116,17,30,134
2026-04-10,store_4,sku_8,134,7,30,155
2026-04-11,store_4,sku_8,155,16,30,170
2026-04-12,store_4,sku_8,170,19,0,154
2026-04-13,store_4,sku_8,154,17,30,163
2026-04-14,store_4,sku_8,163,20,0,144
2026-04-15,store_4,sku_8,144,13,0,132
2026-04-16,store_4,sku_8,132,13,0,122
2026-04-17,store_4,sku_8,122,10,0,117
2026-04-18,store_4,sku_8,117,18,0,110
2026-04-19,store_4,sku_8,110,15,0,106
2026-04-20,store_4,sku_8,106,16,20,117
2026-04-21,store_4,sku_8,117,14,0,109
2026-04-22,store_4,sku_8,109,17,0,101
2026-04-23,store_4,sku_8,101,9,0,101
2026-04-24,store_4,sku_8,101,16,0,98
2026-04-25,store_4,sku_8,98,14,30,124
2026-04-26,store_4,sku_8,124,16,0,117
2026-04-27,store_4,sku_8,117,18,0,105
2026-04-28,store_4,sku_8,105,20,0,97
2026-04-29,store_4,sku_8,97,14,30,121
2026-04-30,store_4,sku_8,121,6,0,117
2026-05-01,store_4,sku_8,117,15,0,111
2026-05-02,store_4,sku_8,111,18,0,104
2026-05-03,store_4,sku_8,104,12,0,103
2026-05-04,store_4,sku_8,103,14,0,97
2026-05-05,store_4,sku_8,97,21,0,88
2026-05-06,store_4,sku_8,88,15,20,102
2026-05-07,store_4,sku_8,102,17,0,97
2026-05-08,store_4,sku_8,97,14,0,95
2026-05-09,store_4,sku_8,95,14,0,94
2026-05-10,store_4,sku_8,94,15,30,121
2026-05-11,store_4,sku_8,121,11,0,111
2026-05-12,store_4,sku_8,111,17,0,103
2026-05-13,store_4,sku_8,103,16,0,100
2026-05-14,store_4,sku_8,100,13,0,98
2026-05-15,store_4,sku_8,98,17,20,111
2026-05-16,store_4,sku_8,111,15,0,111
2026-05-17,store_4,sku_8,111,16,30,136
2026-05-18,store_4,sku_8,136,16,0,122
2026-05-19,store_4,sku_8,122,18,30,141
2026-05-20,store_4,sku_8,141,15,0,125
2026-05-21,store_4,sku_8,125,14,0,117
2026-05-22,store_4,sku_8,117,17,0,108
2026-05-23,store_4,sku_8,108,11,30,133
2026-05-24,store_4,sku_8,133,14,0,128
2026-05-25,store_4,sku_8,128,12,30,146
2026-05-26,store_4,sku_8,146,10,0,133
2026-05-27,store_4,sku_8,133,15,0,123
2026-05-28,store_4,sku_8,123,10,0,113
2026-05-29,store_4,sku_8,113,17,0,108
2026-05-30,store_4,sku_8,108,12,0,106
